park,year,month,month_number,visitors,total
Grand Canyon,1979,JAN,1,37002,2131716
Grand Canyon,1979,FEB,2,46043,2131716
Grand Canyon,1979,MAR,3,91927,2131716
Grand Canyon,1979,APR,4,123643,2131716
Grand Canyon,1979,MAY,5,205048,2131716
Grand Canyon,1979,JUN,6,297877,2131716
Grand Canyon,1979,JUL,7,338935,2131716
Grand Canyon,1979,AUG,8,350694,2131716
Grand Canyon,1979,SEP,9,294206,2131716
Grand Canyon,1979,OCT,10,187335,2131716
Grand Canyon,1979,NOV,11,98410,2131716
Grand Canyon,1979,DEC,12,60596,2131716
Saguaro,1979,JAN,1,54216,566486
Saguaro,1979,FEB,2,66330,566486
Saguaro,1979,MAR,3,79243,566486
Saguaro,1979,APR,4,65985,566486
Saguaro,1979,MAY,5,47707,566486
Saguaro,1979,JUN,6,35501,566486
Saguaro,1979,JUL,7,31567,566486
Saguaro,1979,AUG,8,34123,566486
Saguaro,1979,SEP,9,32988,566486
Saguaro,1979,OCT,10,33580,566486
Saguaro,1979,NOV,11,38193,566486
Saguaro,1979,DEC,12,47053,566486
Yellowstone,1979,JAN,1,23605,1892908
Yellowstone,1979,FEB,2,31992,1892908
Yellowstone,1979,MAR,3,17813,1892908
Yellowstone,1979,APR,4,34095,1892908
Yellowstone,1979,MAY,5,108952,1892908
Yellowstone,1979,JUN,6,313924,1892908
Yellowstone,1979,JUL,7,493902,1892908
Yellowstone,1979,AUG,8,493915,1892908
Yellowstone,1979,SEP,9,262786,1892908
Yellowstone,1979,OCT,10,76542,1892908
Yellowstone,1979,NOV,11,12698,1892908
Yellowstone,1979,DEC,12,22684,1892908
Zion,1979,JAN,1,8994,1040528
Zion,1979,FEB,2,12106,1040528
Zion,1979,MAR,3,23079,1040528
Zion,1979,APR,4,63306,1040528
Zion,1979,MAY,5,122964,1040528
Zion,1979,JUN,6,156734,1040528
Zion,1979,JUL,7,168614,1040528
Zion,1979,AUG,8,187461,1040528
Zion,1979,SEP,9,173883,1040528
Zion,1979,OCT,10,77131,1040528
Zion,1979,NOV,11,29139,1040528
Zion,1979,DEC,12,17117,1040528
Grand Canyon,1980,JAN,1,55634,2304973
Grand Canyon,1980,FEB,2,40800,2304973
Grand Canyon,1980,MAR,3,111283,2304973
Grand Canyon,1980,APR,4,135657,2304973
Grand Canyon,1980,MAY,5,300940,2304973
Grand Canyon,1980,JUN,6,231093,2304973
Grand Canyon,1980,JUL,7,382961,2304973
Grand Canyon,1980,AUG,8,379099,2304973
Grand Canyon,1980,SEP,9,264391,2304973
Grand Canyon,1980,OCT,10,194043,2304973
Grand Canyon,1980,NOV,11,119440,2304973
Grand Canyon,1980,DEC,12,89632,2304973
Saguaro,1980,JAN,1,54158,611317
Saguaro,1980,FEB,2,59758,611317
Saguaro,1980,MAR,3,107272,611317
Saguaro,1980,APR,4,64594,611317
Saguaro,1980,MAY,5,57424,611317
Saguaro,1980,JUN,6,38456,611317
Saguaro,1980,JUL,7,36438,611317
Saguaro,1980,AUG,8,38694,611317
Saguaro,1980,SEP,9,35032,611317
Saguaro,1980,OCT,10,40113,611317
Saguaro,1980,NOV,11,40028,611317
Saguaro,1980,DEC,12,39350,611317
Yellowstone,1980,JAN,1,24757,2000269
Yellowstone,1980,FEB,2,36373,2000269
Yellowstone,1980,MAR,3,28112,2000269
Yellowstone,1980,APR,4,32466,2000269
Yellowstone,1980,MAY,5,101988,2000269
Yellowstone,1980,JUN,6,325211,2000269
Yellowstone,1980,JUL,7,557810,2000269
Yellowstone,1980,AUG,8,523549,2000269
Yellowstone,1980,SEP,9,229396,2000269
Yellowstone,1980,OCT,10,93240,2000269
Yellowstone,1980,NOV,11,25773,2000269
Yellowstone,1980,DEC,12,21594,2000269
Zion,1980,JAN,1,15637,1123846
Zion,1980,FEB,2,17832,1123846
Zion,1980,MAR,3,32537,1123846
Zion,1980,APR,4,58225,1123846
Zion,1980,MAY,5,134747,1123846
Zion,1980,JUN,6,175129,1123846
Zion,1980,JUL,7,212492,1123846
Zion,1980,AUG,8,212223,1123846
Zion,1980,SEP,9,136648,1123846
Zion,1980,OCT,10,75312,1123846
Zion,1980,NOV,11,32542,1123846
Zion,1980,DEC,12,20522,1123846
Grand Canyon,1981,JAN,1,87337,2472270
Grand Canyon,1981,FEB,2,88570,2472270
Grand Canyon,1981,MAR,3,119264,2472270
Grand Canyon,1981,APR,4,205490,2472270
Grand Canyon,1981,MAY,5,244709,2472270
Grand Canyon,1981,JUN,6,364113,2472270
Grand Canyon,1981,JUL,7,398756,2472270
Grand Canyon,1981,AUG,8,378831,2472270
Grand Canyon,1981,SEP,9,247606,2472270
Grand Canyon,1981,OCT,10,185318,2472270
Grand Canyon,1981,NOV,11,83734,2472270
Grand Canyon,1981,DEC,12,68542,2472270
Saguaro,1981,JAN,1,48937,470598
Saguaro,1981,FEB,2,54169,470598
Saguaro,1981,MAR,3,57617,470598
Saguaro,1981,APR,4,54792,470598
Saguaro,1981,MAY,5,35940,470598
Saguaro,1981,JUN,6,25380,470598
Saguaro,1981,JUL,7,26922,470598
Saguaro,1981,AUG,8,25376,470598
Saguaro,1981,SEP,9,26139,470598
Saguaro,1981,OCT,10,40387,470598
Saguaro,1981,NOV,11,36664,470598
Saguaro,1981,DEC,12,38275,470598
Yellowstone,1981,JAN,1,24924,2521831
Yellowstone,1981,FEB,2,28590,2521831
Yellowstone,1981,MAR,3,19305,2521831
Yellowstone,1981,APR,4,21342,2521831
Yellowstone,1981,MAY,5,158762,2521831
Yellowstone,1981,JUN,6,421817,2521831
Yellowstone,1981,JUL,7,701758,2521831
Yellowstone,1981,AUG,8,651977,2521831
Yellowstone,1981,SEP,9,346906,2521831
Yellowstone,1981,OCT,10,91385,2521831
Yellowstone,1981,NOV,11,30202,2521831
Yellowstone,1981,DEC,12,24863,2521831
Zion,1981,JAN,1,24349,1288808
Zion,1981,FEB,2,22594,1288808
Zion,1981,MAR,3,35058,1288808
Zion,1981,APR,4,63036,1288808
Zion,1981,MAY,5,132198,1288808
Zion,1981,JUN,6,221905,1288808
Zion,1981,JUL,7,233041,1288808
Zion,1981,AUG,8,262514,1288808
Zion,1981,SEP,9,150219,1288808
Zion,1981,OCT,10,86905,1288808
Zion,1981,NOV,11,34820,1288808
Zion,1981,DEC,12,22169,1288808
Grand Canyon,1982,JAN,1,44969,2293127
Grand Canyon,1982,FEB,2,58210,2293127
Grand Canyon,1982,MAR,3,106235,2293127
Grand Canyon,1982,APR,4,167891,2293127
Grand Canyon,1982,MAY,5,212009,2293127
Grand Canyon,1982,JUN,6,372127,2293127
Grand Canyon,1982,JUL,7,369983,2293127
Grand Canyon,1982,AUG,8,364548,2293127
Grand Canyon,1982,SEP,9,254192,2293127
Grand Canyon,1982,OCT,10,188615,2293127
Grand Canyon,1982,NOV,11,90586,2293127
Grand Canyon,1982,DEC,12,63762,2293127
Saguaro,1982,JAN,1,61284,566807
Saguaro,1982,FEB,2,65354,566807
Saguaro,1982,MAR,3,75288,566807
Saguaro,1982,APR,4,66487,566807
Saguaro,1982,MAY,5,53636,566807
Saguaro,1982,JUN,6,33627,566807
Saguaro,1982,JUL,7,34859,566807
Saguaro,1982,AUG,8,30639,566807
Saguaro,1982,SEP,9,27691,566807
Saguaro,1982,OCT,10,38687,566807
Saguaro,1982,NOV,11,38731,566807
Saguaro,1982,DEC,12,40524,566807
Yellowstone,1982,JAN,1,22523,2368897
Yellowstone,1982,FEB,2,32204,2368897
Yellowstone,1982,MAR,3,25325,2368897
Yellowstone,1982,APR,4,28584,2368897
Yellowstone,1982,MAY,5,148257,2368897
Yellowstone,1982,JUN,6,413052,2368897
Yellowstone,1982,JUL,7,688061,2368897
Yellowstone,1982,AUG,8,626834,2368897
Yellowstone,1982,SEP,9,281287,2368897
Yellowstone,1982,OCT,10,74181,2368897
Yellowstone,1982,NOV,11,16673,2368897
Yellowstone,1982,DEC,12,11916,2368897
Zion,1982,JAN,1,15445,1246290
Zion,1982,FEB,2,20958,1246290
Zion,1982,MAR,3,38731,1246290
Zion,1982,APR,4,72295,1246290
Zion,1982,MAY,5,146438,1246290
Zion,1982,JUN,6,221168,1246290
Zion,1982,JUL,7,252010,1246290
Zion,1982,AUG,8,196725,1246290
Zion,1982,SEP,9,140672,1246290
Zion,1982,OCT,10,85304,1246290
Zion,1982,NOV,11,32936,1246290
Zion,1982,DEC,12,23608,1246290
Grand Canyon,1983,JAN,1,49146,2248082
Grand Canyon,1983,FEB,2,65862,2248082
Grand Canyon,1983,MAR,3,118768,2248082
Grand Canyon,1983,APR,4,141134,2248082
Grand Canyon,1983,MAY,5,233043,2248082
Grand Canyon,1983,JUN,6,364817,2248082
Grand Canyon,1983,JUL,7,400961,2248082
Grand Canyon,1983,AUG,8,305589,2248082
Grand Canyon,1983,SEP,9,226922,2248082
Grand Canyon,1983,OCT,10,181782,2248082
Grand Canyon,1983,NOV,11,94483,2248082
Grand Canyon,1983,DEC,12,65575,2248082
Saguaro,1983,JAN,1,60487,634688
Saguaro,1983,FEB,2,70577,634688
Saguaro,1983,MAR,3,95435,634688
Saguaro,1983,APR,4,77953,634688
Saguaro,1983,MAY,5,54243,634688
Saguaro,1983,JUN,6,38575,634688
Saguaro,1983,JUL,7,33404,634688
Saguaro,1983,AUG,8,29793,634688
Saguaro,1983,SEP,9,32000,634688
Saguaro,1983,OCT,10,40762,634688
Saguaro,1983,NOV,11,44856,634688
Saguaro,1983,DEC,12,56603,634688
Yellowstone,1983,JAN,1,18329,2347242
Yellowstone,1983,FEB,2,25647,2347242
Yellowstone,1983,MAR,3,15671,2347242
Yellowstone,1983,APR,4,17935,2347242
Yellowstone,1983,MAY,5,123437,2347242
Yellowstone,1983,JUN,6,396890,2347242
Yellowstone,1983,JUL,7,704745,2347242
Yellowstone,1983,AUG,8,604247,2347242
Yellowstone,1983,SEP,9,314919,2347242
Yellowstone,1983,OCT,10,103385,2347242
Yellowstone,1983,NOV,11,11955,2347242
Yellowstone,1983,DEC,12,10082,2347242
Zion,1983,JAN,1,18578,1273030
Zion,1983,FEB,2,24133,1273030
Zion,1983,MAR,3,36086,1273030
Zion,1983,APR,4,75772,1273030
Zion,1983,MAY,5,183803,1273030
Zion,1983,JUN,6,201746,1273030
Zion,1983,JUL,7,227243,1273030
Zion,1983,AUG,8,202119,1273030
Zion,1983,SEP,9,154567,1273030
Zion,1983,OCT,10,90204,1273030
Zion,1983,NOV,11,37866,1273030
Zion,1983,DEC,12,20913,1273030
Grand Canyon,1984,JAN,1,60598,2173584
Grand Canyon,1984,FEB,2,72688,2173584
Grand Canyon,1984,MAR,3,123699,2173584
Grand Canyon,1984,APR,4,169412,2173584
Grand Canyon,1984,MAY,5,249813,2173584
Grand Canyon,1984,JUN,6,332759,2173584
Grand Canyon,1984,JUL,7,369741,2173584
Grand Canyon,1984,AUG,8,260758,2173584
Grand Canyon,1984,SEP,9,220356,2173584
Grand Canyon,1984,OCT,10,148330,2173584
Grand Canyon,1984,NOV,11,104114,2173584
Grand Canyon,1984,DEC,12,61316,2173584
Saguaro,1984,JAN,1,92268,699292
Saguaro,1984,FEB,2,98169,699292
Saguaro,1984,MAR,3,80172,699292
Saguaro,1984,APR,4,73408,699292
Saguaro,1984,MAY,5,56770,699292
Saguaro,1984,JUN,6,43736,699292
Saguaro,1984,JUL,7,36896,699292
Saguaro,1984,AUG,8,33813,699292
Saguaro,1984,SEP,9,32407,699292
Saguaro,1984,OCT,10,45917,699292
Saguaro,1984,NOV,11,49618,699292
Saguaro,1984,DEC,12,56118,699292
Yellowstone,1984,JAN,1,18864,2222027
Yellowstone,1984,FEB,2,30067,2222027
Yellowstone,1984,MAR,3,11372,2222027
Yellowstone,1984,APR,4,18303,2222027
Yellowstone,1984,MAY,5,127555,2222027
Yellowstone,1984,JUN,6,379837,2222027
Yellowstone,1984,JUL,7,667307,2222027
Yellowstone,1984,AUG,8,586631,2222027
Yellowstone,1984,SEP,9,287141,2222027
Yellowstone,1984,OCT,10,76118,2222027
Yellowstone,1984,NOV,11,2273,2222027
Yellowstone,1984,DEC,12,16559,2222027
Zion,1984,JAN,1,21848,1377254
Zion,1984,FEB,2,26463,1377254
Zion,1984,MAR,3,48492,1377254
Zion,1984,APR,4,89509,1377254
Zion,1984,MAY,5,160492,1377254
Zion,1984,JUN,6,231037,1377254
Zion,1984,JUL,7,232872,1377254
Zion,1984,AUG,8,226230,1377254
Zion,1984,SEP,9,174514,1377254
Zion,1984,OCT,10,102092,1377254
Zion,1984,NOV,11,42409,1377254
Zion,1984,DEC,12,21296,1377254
Grand Canyon,1985,JAN,1,54330,2711529
Grand Canyon,1985,FEB,2,66986,2711529
Grand Canyon,1985,MAR,3,143335,2711529
Grand Canyon,1985,APR,4,217613,2711529
Grand Canyon,1985,MAY,5,295024,2711529
Grand Canyon,1985,JUN,6,391629,2711529
Grand Canyon,1985,JUL,7,411347,2711529
Grand Canyon,1985,AUG,8,366036,2711529
Grand Canyon,1985,SEP,9,304431,2711529
Grand Canyon,1985,OCT,10,240488,2711529
Grand Canyon,1985,NOV,11,114023,2711529
Grand Canyon,1985,DEC,12,106287,2711529
Saguaro,1985,JAN,1,86287,636711
Saguaro,1985,FEB,2,86936,636711
Saguaro,1985,MAR,3,84924,636711
Saguaro,1985,APR,4,66091,636711
Saguaro,1985,MAY,5,64355,636711
Saguaro,1985,JUN,6,38620,636711
Saguaro,1985,JUL,7,27187,636711
Saguaro,1985,AUG,8,28149,636711
Saguaro,1985,SEP,9,33299,636711
Saguaro,1985,OCT,10,38822,636711
Saguaro,1985,NOV,11,38763,636711
Saguaro,1985,DEC,12,43278,636711
Yellowstone,1985,JAN,1,20919,2226159
Yellowstone,1985,FEB,2,30590,2226159
Yellowstone,1985,MAR,3,9611,2226159
Yellowstone,1985,APR,4,21994,2226159
Yellowstone,1985,MAY,5,159597,2226159
Yellowstone,1985,JUN,6,401168,2226159
Yellowstone,1985,JUL,7,648994,2226159
Yellowstone,1985,AUG,8,572352,2226159
Yellowstone,1985,SEP,9,261850,2226159
Yellowstone,1985,OCT,10,72944,2226159
Yellowstone,1985,NOV,11,6726,2226159
Yellowstone,1985,DEC,12,19414,2226159
Zion,1985,JAN,1,23339,1503272
Zion,1985,FEB,2,30716,1503272
Zion,1985,MAR,3,54763,1503272
Zion,1985,APR,4,95748,1503272
Zion,1985,MAY,5,201599,1503272
Zion,1985,JUN,6,229265,1503272
Zion,1985,JUL,7,253508,1503272
Zion,1985,AUG,8,253802,1503272
Zion,1985,SEP,9,182744,1503272
Zion,1985,OCT,10,100050,1503272
Zion,1985,NOV,11,44125,1503272
Zion,1985,DEC,12,33613,1503272
Grand Canyon,1986,JAN,1,75573,3035787
Grand Canyon,1986,FEB,2,94361,3035787
Grand Canyon,1986,MAR,3,201642,3035787
Grand Canyon,1986,APR,4,215037,3035787
Grand Canyon,1986,MAY,5,318732,3035787
Grand Canyon,1986,JUN,6,407145,3035787
Grand Canyon,1986,JUL,7,456542,3035787
Grand Canyon,1986,AUG,8,437652,3035787
Grand Canyon,1986,SEP,9,312678,3035787
Grand Canyon,1986,OCT,10,247244,3035787
Grand Canyon,1986,NOV,11,151811,3035787
Grand Canyon,1986,DEC,12,117370,3035787
Saguaro,1986,JAN,1,64910,613651
Saguaro,1986,FEB,2,53494,613651
Saguaro,1986,MAR,3,70949,613651
Saguaro,1986,APR,4,48213,613651
Saguaro,1986,MAY,5,44948,613651
Saguaro,1986,JUN,6,29284,613651
Saguaro,1986,JUL,7,39198,613651
Saguaro,1986,AUG,8,50479,613651
Saguaro,1986,SEP,9,41458,613651
Saguaro,1986,OCT,10,53286,613651
Saguaro,1986,NOV,11,57184,613651
Saguaro,1986,DEC,12,60248,613651
Yellowstone,1986,JAN,1,24708,2363756
Yellowstone,1986,FEB,2,29684,2363756
Yellowstone,1986,MAR,3,20165,2363756
Yellowstone,1986,APR,4,21681,2363756
Yellowstone,1986,MAY,5,147767,2363756
Yellowstone,1986,JUN,6,427968,2363756
Yellowstone,1986,JUL,7,663205,2363756
Yellowstone,1986,AUG,8,614295,2363756
Yellowstone,1986,SEP,9,295089,2363756
Yellowstone,1986,OCT,10,94106,2363756
Yellowstone,1986,NOV,11,6414,2363756
Yellowstone,1986,DEC,12,18674,2363756
Zion,1986,JAN,1,35763,1670503
Zion,1986,FEB,2,35919,1670503
Zion,1986,MAR,3,80728,1670503
Zion,1986,APR,4,92993,1670503
Zion,1986,MAY,5,246440,1670503
Zion,1986,JUN,6,252715,1670503
Zion,1986,JUL,7,261818,1670503
Zion,1986,AUG,8,269267,1670503
Zion,1986,SEP,9,194138,1670503
Zion,1986,OCT,10,110052,1670503
Zion,1986,NOV,11,50783,1670503
Zion,1986,DEC,12,39887,1670503
Grand Canyon,1987,JAN,1,94561,3513030
Grand Canyon,1987,FEB,2,110009,3513030
Grand Canyon,1987,MAR,3,188661,3513030
Grand Canyon,1987,APR,4,294786,3513030
Grand Canyon,1987,MAY,5,352013,3513030
Grand Canyon,1987,JUN,6,457635,3513030
Grand Canyon,1987,JUL,7,485310,3513030
Grand Canyon,1987,AUG,8,525178,3513030
Grand Canyon,1987,SEP,9,425004,3513030
Grand Canyon,1987,OCT,10,299263,3513030
Grand Canyon,1987,NOV,11,168321,3513030
Grand Canyon,1987,DEC,12,112289,3513030
Saguaro,1987,JAN,1,75648,689933
Saguaro,1987,FEB,2,80256,689933
Saguaro,1987,MAR,3,90033,689933
Saguaro,1987,APR,4,78388,689933
Saguaro,1987,MAY,5,59836,689933
Saguaro,1987,JUN,6,40471,689933
Saguaro,1987,JUL,7,36923,689933
Saguaro,1987,AUG,8,44140,689933
Saguaro,1987,SEP,9,37577,689933
Saguaro,1987,OCT,10,46910,689933
Saguaro,1987,NOV,11,51078,689933
Saguaro,1987,DEC,12,48673,689933
Yellowstone,1987,JAN,1,27238,2573194
Yellowstone,1987,FEB,2,32559,2573194
Yellowstone,1987,MAR,3,12310,2573194
Yellowstone,1987,APR,4,31938,2573194
Yellowstone,1987,MAY,5,185705,2573194
Yellowstone,1987,JUN,6,447465,2573194
Yellowstone,1987,JUL,7,685128,2573194
Yellowstone,1987,AUG,8,626537,2573194
Yellowstone,1987,SEP,9,361842,2573194
Yellowstone,1987,OCT,10,122637,2573194
Yellowstone,1987,NOV,11,19842,2573194
Yellowstone,1987,DEC,12,19993,2573194
Zion,1987,JAN,1,35783,1777619
Zion,1987,FEB,2,37091,1777619
Zion,1987,MAR,3,57095,1777619
Zion,1987,APR,4,117924,1777619
Zion,1987,MAY,5,203914,1777619
Zion,1987,JUN,6,267237,1777619
Zion,1987,JUL,7,296526,1777619
Zion,1987,AUG,8,300993,1777619
Zion,1987,SEP,9,231095,1777619
Zion,1987,OCT,10,131044,1777619
Zion,1987,NOV,11,61714,1777619
Zion,1987,DEC,12,37203,1777619
Grand Canyon,1988,JAN,1,96995,3859886
Grand Canyon,1988,FEB,2,133142,3859886
Grand Canyon,1988,MAR,3,273551,3859886
Grand Canyon,1988,APR,4,240519,3859886
Grand Canyon,1988,MAY,5,387946,3859886
Grand Canyon,1988,JUN,6,523647,3859886
Grand Canyon,1988,JUL,7,557670,3859886
Grand Canyon,1988,AUG,8,550873,3859886
Grand Canyon,1988,SEP,9,462806,3859886
Grand Canyon,1988,OCT,10,328960,3859886
Grand Canyon,1988,NOV,11,196874,3859886
Grand Canyon,1988,DEC,12,106903,3859886
Saguaro,1988,JAN,1,72575,675397
Saguaro,1988,FEB,2,70296,675397
Saguaro,1988,MAR,3,69634,675397
Saguaro,1988,APR,4,78933,675397
Saguaro,1988,MAY,5,59003,675397
Saguaro,1988,JUN,6,36330,675397
Saguaro,1988,JUL,7,41708,675397
Saguaro,1988,AUG,8,70971,675397
Saguaro,1988,SEP,9,42978,675397
Saguaro,1988,OCT,10,37296,675397
Saguaro,1988,NOV,11,45399,675397
Saguaro,1988,DEC,12,50274,675397
Yellowstone,1988,JAN,1,25706,2182113
Yellowstone,1988,FEB,2,35936,2182113
Yellowstone,1988,MAR,3,18470,2182113
Yellowstone,1988,APR,4,22999,2182113
Yellowstone,1988,MAY,5,175285,2182113
Yellowstone,1988,JUN,6,442400,2182113
Yellowstone,1988,JUL,7,636295,2182113
Yellowstone,1988,AUG,8,440130,2182113
Yellowstone,1988,SEP,9,176833,2182113
Yellowstone,1988,OCT,10,170504,2182113
Yellowstone,1988,NOV,11,18510,2182113
Yellowstone,1988,DEC,12,19045,2182113
Zion,1988,JAN,1,38333,1948332
Zion,1988,FEB,2,46684,1948332
Zion,1988,MAR,3,65640,1948332
Zion,1988,APR,4,129748,1948332
Zion,1988,MAY,5,208323,1948332
Zion,1988,JUN,6,308566,1948332
Zion,1988,JUL,7,305583,1948332
Zion,1988,AUG,8,314482,1948332
Zion,1988,SEP,9,262166,1948332
Zion,1988,OCT,10,157715,1948332
Zion,1988,NOV,11,71847,1948332
Zion,1988,DEC,12,39245,1948332
Grand Canyon,1989,JAN,1,107390,3966209
Grand Canyon,1989,FEB,2,128648,3966209
Grand Canyon,1989,MAR,3,261150,3966209
Grand Canyon,1989,APR,4,280218,3966209
Grand Canyon,1989,MAY,5,409344,3966209
Grand Canyon,1989,JUN,6,543782,3966209
Grand Canyon,1989,JUL,7,542509,3966209
Grand Canyon,1989,AUG,8,536221,3966209
Grand Canyon,1989,SEP,9,440897,3966209
Grand Canyon,1989,OCT,10,345439,3966209
Grand Canyon,1989,NOV,11,225092,3966209
Grand Canyon,1989,DEC,12,145519,3966209
Saguaro,1989,JAN,1,84068,706191
Saguaro,1989,FEB,2,69581,706191
Saguaro,1989,MAR,3,87465,706191
Saguaro,1989,APR,4,102396,706191
Saguaro,1989,MAY,5,51365,706191
Saguaro,1989,JUN,6,36262,706191
Saguaro,1989,JUL,7,39903,706191
Saguaro,1989,AUG,8,35391,706191
Saguaro,1989,SEP,9,40106,706191
Saguaro,1989,OCT,10,44738,706191
Saguaro,1989,NOV,11,57426,706191
Saguaro,1989,DEC,12,57490,706191
Yellowstone,1989,JAN,1,24328,2644442
Yellowstone,1989,FEB,2,30768,2644442
Yellowstone,1989,MAR,3,22163,2644442
Yellowstone,1989,APR,4,25292,2644442
Yellowstone,1989,MAY,5,216163,2644442
Yellowstone,1989,JUN,6,467193,2644442
Yellowstone,1989,JUL,7,696587,2644442
Yellowstone,1989,AUG,8,608248,2644442
Yellowstone,1989,SEP,9,403579,2644442
Yellowstone,1989,OCT,10,123454,2644442
Yellowstone,1989,NOV,11,6791,2644442
Yellowstone,1989,DEC,12,19876,2644442
Zion,1989,JAN,1,33534,1998856
Zion,1989,FEB,2,38254,1998856
Zion,1989,MAR,3,94224,1998856
Zion,1989,APR,4,132387,1998856
Zion,1989,MAY,5,235179,1998856
Zion,1989,JUN,6,300330,1998856
Zion,1989,JUL,7,304532,1998856
Zion,1989,AUG,8,321244,1998856
Zion,1989,SEP,9,248105,1998856
Zion,1989,OCT,10,163695,1998856
Zion,1989,NOV,11,86055,1998856
Zion,1989,DEC,12,41317,1998856
Grand Canyon,1990,JAN,1,118005,3776685
Grand Canyon,1990,FEB,2,131958,3776685
Grand Canyon,1990,MAR,3,256088,3776685
Grand Canyon,1990,APR,4,314388,3776685
Grand Canyon,1990,MAY,5,410498,3776685
Grand Canyon,1990,JUN,6,472277,3776685
Grand Canyon,1990,JUL,7,534498,3776685
Grand Canyon,1990,AUG,8,528984,3776685
Grand Canyon,1990,SEP,9,403743,3776685
Grand Canyon,1990,OCT,10,283512,3776685
Grand Canyon,1990,NOV,11,197985,3776685
Grand Canyon,1990,DEC,12,124749,3776685
Saguaro,1990,JAN,1,65452,702328
Saguaro,1990,FEB,2,85914,702328
Saguaro,1990,MAR,3,90388,702328
Saguaro,1990,APR,4,87985,702328
Saguaro,1990,MAY,5,59199,702328
Saguaro,1990,JUN,6,34902,702328
Saguaro,1990,JUL,7,45691,702328
Saguaro,1990,AUG,8,53122,702328
Saguaro,1990,SEP,9,35478,702328
Saguaro,1990,OCT,10,37966,702328
Saguaro,1990,NOV,11,54424,702328
Saguaro,1990,DEC,12,51807,702328
Yellowstone,1990,JAN,1,25884,2823572
Yellowstone,1990,FEB,2,33285,2823572
Yellowstone,1990,MAR,3,19372,2823572
Yellowstone,1990,APR,4,29242,2823572
Yellowstone,1990,MAY,5,203712,2823572
Yellowstone,1990,JUN,6,526586,2823572
Yellowstone,1990,JUL,7,760520,2823572
Yellowstone,1990,AUG,8,674454,2823572
Yellowstone,1990,SEP,9,414563,2823572
Yellowstone,1990,OCT,10,111145,2823572
Yellowstone,1990,NOV,11,8117,2823572
Yellowstone,1990,DEC,12,16692,2823572
Zion,1990,JAN,1,54093,2102400
Zion,1990,FEB,2,48346,2102400
Zion,1990,MAR,3,77423,2102400
Zion,1990,APR,4,154762,2102400
Zion,1990,MAY,5,237277,2102400
Zion,1990,JUN,6,316983,2102400
Zion,1990,JUL,7,308335,2102400
Zion,1990,AUG,8,340603,2102400
Zion,1990,SEP,9,257272,2102400
Zion,1990,OCT,10,166148,2102400
Zion,1990,NOV,11,98844,2102400
Zion,1990,DEC,12,42314,2102400
Grand Canyon,1991,JAN,1,119713,3886031
Grand Canyon,1991,FEB,2,137010,3886031
Grand Canyon,1991,MAR,3,173728,3886031
Grand Canyon,1991,APR,4,262163,3886031
Grand Canyon,1991,MAY,5,420242,3886031
Grand Canyon,1991,JUN,6,530436,3886031
Grand Canyon,1991,JUL,7,583108,3886031
Grand Canyon,1991,AUG,8,561165,3886031
Grand Canyon,1991,SEP,9,451446,3886031
Grand Canyon,1991,OCT,10,361865,3886031
Grand Canyon,1991,NOV,11,181771,3886031
Grand Canyon,1991,DEC,12,103384,3886031
Saguaro,1991,JAN,1,48052,679034
Saguaro,1991,FEB,2,67966,679034
Saguaro,1991,MAR,3,99603,679034
Saguaro,1991,APR,4,68840,679034
Saguaro,1991,MAY,5,63826,679034
Saguaro,1991,JUN,6,38788,679034
Saguaro,1991,JUL,7,62608,679034
Saguaro,1991,AUG,8,43825,679034
Saguaro,1991,SEP,9,39342,679034
Saguaro,1991,OCT,10,55292,679034
Saguaro,1991,NOV,11,43082,679034
Saguaro,1991,DEC,12,47810,679034
Yellowstone,1991,JAN,1,28851,2920537
Yellowstone,1991,FEB,2,38050,2920537
Yellowstone,1991,MAR,3,19946,2920537
Yellowstone,1991,APR,4,19875,2920537
Yellowstone,1991,MAY,5,188798,2920537
Yellowstone,1991,JUN,6,499107,2920537
Yellowstone,1991,JUL,7,796656,2920537
Yellowstone,1991,AUG,8,721103,2920537
Yellowstone,1991,SEP,9,432948,2920537
Yellowstone,1991,OCT,10,144944,2920537
Yellowstone,1991,NOV,11,6261,2920537
Yellowstone,1991,DEC,12,23998,2920537
Zion,1991,JAN,1,54687,2236997
Zion,1991,FEB,2,64780,2236997
Zion,1991,MAR,3,71951,2236997
Zion,1991,APR,4,131160,2236997
Zion,1991,MAY,5,255396,2236997
Zion,1991,JUN,6,336422,2236997
Zion,1991,JUL,7,349020,2236997
Zion,1991,AUG,8,362064,2236997
Zion,1991,SEP,9,278614,2236997
Zion,1991,OCT,10,208030,2236997
Zion,1991,NOV,11,80061,2236997
Zion,1991,DEC,12,44812,2236997
Grand Canyon,1992,JAN,1,106718,4203545
Grand Canyon,1992,FEB,2,129889,4203545
Grand Canyon,1992,MAR,3,215840,4203545
Grand Canyon,1992,APR,4,344954,4203545
Grand Canyon,1992,MAY,5,434452,4203545
Grand Canyon,1992,JUN,6,553547,4203545
Grand Canyon,1992,JUL,7,658700,4203545
Grand Canyon,1992,AUG,8,648030,4203545
Grand Canyon,1992,SEP,9,468743,4203545
Grand Canyon,1992,OCT,10,325158,4203545
Grand Canyon,1992,NOV,11,184552,4203545
Grand Canyon,1992,DEC,12,132962,4203545
Saguaro,1992,JAN,1,66721,810059
Saguaro,1992,FEB,2,88200,810059
Saguaro,1992,MAR,3,92594,810059
Saguaro,1992,APR,4,175295,810059
Saguaro,1992,MAY,5,62873,810059
Saguaro,1992,JUN,6,38724,810059
Saguaro,1992,JUL,7,39260,810059
Saguaro,1992,AUG,8,40746,810059
Saguaro,1992,SEP,9,24337,810059
Saguaro,1992,OCT,10,37640,810059
Saguaro,1992,NOV,11,56313,810059
Saguaro,1992,DEC,12,87356,810059
Yellowstone,1992,JAN,1,33552,3144405
Yellowstone,1992,FEB,2,40245,3144405
Yellowstone,1992,MAR,3,19615,3144405
Yellowstone,1992,APR,4,51933,3144405
Yellowstone,1992,MAY,5,257951,3144405
Yellowstone,1992,JUN,6,539959,3144405
Yellowstone,1992,JUL,7,799411,3144405
Yellowstone,1992,AUG,8,742879,3144405
Yellowstone,1992,SEP,9,462788,3144405
Yellowstone,1992,OCT,10,159842,3144405
Yellowstone,1992,NOV,11,8646,3144405
Yellowstone,1992,DEC,12,27584,3144405
Zion,1992,JAN,1,55002,2390626
Zion,1992,FEB,2,58579,2390626
Zion,1992,MAR,3,81606,2390626
Zion,1992,APR,4,138140,2390626
Zion,1992,MAY,5,257471,2390626
Zion,1992,JUN,6,338363,2390626
Zion,1992,JUL,7,353454,2390626
Zion,1992,AUG,8,415549,2390626
Zion,1992,SEP,9,318549,2390626
Zion,1992,OCT,10,225259,2390626
Zion,1992,NOV,11,89896,2390626
Zion,1992,DEC,12,58758,2390626
Grand Canyon,1993,JAN,1,113555,4575602
Grand Canyon,1993,FEB,2,124186,4575602
Grand Canyon,1993,MAR,3,267508,4575602
Grand Canyon,1993,APR,4,326969,4575602
Grand Canyon,1993,MAY,5,462722,4575602
Grand Canyon,1993,JUN,6,610570,4575602
Grand Canyon,1993,JUL,7,755833,4575602
Grand Canyon,1993,AUG,8,744485,4575602
Grand Canyon,1993,SEP,9,481004,4575602
Grand Canyon,1993,OCT,10,356060,4575602
Grand Canyon,1993,NOV,11,186556,4575602
Grand Canyon,1993,DEC,12,146154,4575602
Saguaro,1993,JAN,1,64507,828267
Saguaro,1993,FEB,2,98333,828267
Saguaro,1993,MAR,3,169803,828267
Saguaro,1993,APR,4,91142,828267
Saguaro,1993,MAY,5,61631,828267
Saguaro,1993,JUN,6,38687,828267
Saguaro,1993,JUL,7,38150,828267
Saguaro,1993,AUG,8,41905,828267
Saguaro,1993,SEP,9,44796,828267
Saguaro,1993,OCT,10,55976,828267
Saguaro,1993,NOV,11,57853,828267
Saguaro,1993,DEC,12,65484,828267
Yellowstone,1993,JAN,1,38100,2912193
Yellowstone,1993,FEB,2,44049,2912193
Yellowstone,1993,MAR,3,31768,2912193
Yellowstone,1993,APR,4,24013,2912193
Yellowstone,1993,MAY,5,191222,2912193
Yellowstone,1993,JUN,6,525378,2912193
Yellowstone,1993,JUL,7,768164,2912193
Yellowstone,1993,AUG,8,714408,2912193
Yellowstone,1993,SEP,9,401124,2912193
Yellowstone,1993,OCT,10,125107,2912193
Yellowstone,1993,NOV,11,18899,2912193
Yellowstone,1993,DEC,12,29961,2912193
Zion,1993,JAN,1,52236,2392580
Zion,1993,FEB,2,50599,2392580
Zion,1993,MAR,3,106142,2392580
Zion,1993,APR,4,206549,2392580
Zion,1993,MAY,5,220669,2392580
Zion,1993,JUN,6,335945,2392580
Zion,1993,JUL,7,348106,2392580
Zion,1993,AUG,8,376382,2392580
Zion,1993,SEP,9,290893,2392580
Zion,1993,OCT,10,258341,2392580
Zion,1993,NOV,11,92657,2392580
Zion,1993,DEC,12,54061,2392580
Grand Canyon,1994,JAN,1,137426,4364316
Grand Canyon,1994,FEB,2,136008,4364316
Grand Canyon,1994,MAR,3,321076,4364316
Grand Canyon,1994,APR,4,317331,4364316
Grand Canyon,1994,MAY,5,430834,4364316
Grand Canyon,1994,JUN,6,539256,4364316
Grand Canyon,1994,JUL,7,684303,4364316
Grand Canyon,1994,AUG,8,656675,4364316
Grand Canyon,1994,SEP,9,447284,4364316
Grand Canyon,1994,OCT,10,348792,4364316
Grand Canyon,1994,NOV,11,192207,4364316
Grand Canyon,1994,DEC,12,153124,4364316
Saguaro,1994,JAN,1,78121,768685
Saguaro,1994,FEB,2,97220,768685
Saguaro,1994,MAR,3,107228,768685
Saguaro,1994,APR,4,90779,768685
Saguaro,1994,MAY,5,62431,768685
Saguaro,1994,JUN,6,31776,768685
Saguaro,1994,JUL,7,34791,768685
Saguaro,1994,AUG,8,41978,768685
Saguaro,1994,SEP,9,45780,768685
Saguaro,1994,OCT,10,54946,768685
Saguaro,1994,NOV,11,58230,768685
Saguaro,1994,DEC,12,65405,768685
Yellowstone,1994,JAN,1,40757,3046145
Yellowstone,1994,FEB,2,44946,3046145
Yellowstone,1994,MAR,3,27859,3046145
Yellowstone,1994,APR,4,36280,3046145
Yellowstone,1994,MAY,5,233737,3046145
Yellowstone,1994,JUN,6,541704,3046145
Yellowstone,1994,JUL,7,831152,3046145
Yellowstone,1994,AUG,8,731012,3046145
Yellowstone,1994,SEP,9,414848,3046145
Yellowstone,1994,OCT,10,106646,3046145
Yellowstone,1994,NOV,11,7953,3046145
Yellowstone,1994,DEC,12,29251,3046145
Zion,1994,JAN,1,60598,2270871
Zion,1994,FEB,2,55083,2270871
Zion,1994,MAR,3,103289,2270871
Zion,1994,APR,4,205846,2270871
Zion,1994,MAY,5,198731,2270871
Zion,1994,JUN,6,304478,2270871
Zion,1994,JUL,7,326536,2270871
Zion,1994,AUG,8,361394,2270871
Zion,1994,SEP,9,295720,2270871
Zion,1994,OCT,10,221345,2270871
Zion,1994,NOV,11,90568,2270871
Zion,1994,DEC,12,47283,2270871
Grand Canyon,1995,JAN,1,124843,4557645
Grand Canyon,1995,FEB,2,158170,4557645
Grand Canyon,1995,MAR,3,286118,4557645
Grand Canyon,1995,APR,4,371843,4557645
Grand Canyon,1995,MAY,5,464743,4557645
Grand Canyon,1995,JUN,6,665255,4557645
Grand Canyon,1995,JUL,7,678871,4557645
Grand Canyon,1995,AUG,8,678492,4557645
Grand Canyon,1995,SEP,9,439849,4557645
Grand Canyon,1995,OCT,10,381572,4557645
Grand Canyon,1995,NOV,11,166568,4557645
Grand Canyon,1995,DEC,12,141321,4557645
Saguaro,1995,JAN,1,84539,732813
Saguaro,1995,FEB,2,93651,732813
Saguaro,1995,MAR,3,109434,732813
Saguaro,1995,APR,4,89504,732813
Saguaro,1995,MAY,5,71318,732813
Saguaro,1995,JUN,6,34025,732813
Saguaro,1995,JUL,7,32069,732813
Saguaro,1995,AUG,8,40165,732813
Saguaro,1995,SEP,9,50443,732813
Saguaro,1995,OCT,10,52271,732813
Saguaro,1995,NOV,11,40469,732813
Saguaro,1995,DEC,12,34925,732813
Yellowstone,1995,JAN,1,40868,3125285
Yellowstone,1995,FEB,2,48034,3125285
Yellowstone,1995,MAR,3,21157,3125285
Yellowstone,1995,APR,4,26147,3125285
Yellowstone,1995,MAY,5,201797,3125285
Yellowstone,1995,JUN,6,550978,3125285
Yellowstone,1995,JUL,7,847003,3125285
Yellowstone,1995,AUG,8,773307,3125285
Yellowstone,1995,SEP,9,468062,3125285
Yellowstone,1995,OCT,10,128483,3125285
Yellowstone,1995,NOV,11,11635,3125285
Yellowstone,1995,DEC,12,7814,3125285
Zion,1995,JAN,1,60215,2430162
Zion,1995,FEB,2,70317,2430162
Zion,1995,MAR,3,119841,2430162
Zion,1995,APR,4,189511,2430162
Zion,1995,MAY,5,202000,2430162
Zion,1995,JUN,6,337268,2430162
Zion,1995,JUL,7,363645,2430162
Zion,1995,AUG,8,377107,2430162
Zion,1995,SEP,9,312443,2430162
Zion,1995,OCT,10,224457,2430162
Zion,1995,NOV,11,119920,2430162
Zion,1995,DEC,12,53438,2430162
Grand Canyon,1996,JAN,1,147909,4537703
Grand Canyon,1996,FEB,2,171968,4537703
Grand Canyon,1996,MAR,3,302054,4537703
Grand Canyon,1996,APR,4,364219,4537703
Grand Canyon,1996,MAY,5,477093,4537703
Grand Canyon,1996,JUN,6,577194,4537703
Grand Canyon,1996,JUL,7,691310,4537703
Grand Canyon,1996,AUG,8,580705,4537703
Grand Canyon,1996,SEP,9,499011,4537703
Grand Canyon,1996,OCT,10,387665,4537703
Grand Canyon,1996,NOV,11,188612,4537703
Grand Canyon,1996,DEC,12,149963,4537703
Saguaro,1996,JAN,1,48014,671643
Saguaro,1996,FEB,2,74912,671643
Saguaro,1996,MAR,3,85078,671643
Saguaro,1996,APR,4,69597,671643
Saguaro,1996,MAY,5,48130,671643
Saguaro,1996,JUN,6,36174,671643
Saguaro,1996,JUL,7,33883,671643
Saguaro,1996,AUG,8,31636,671643
Saguaro,1996,SEP,9,55344,671643
Saguaro,1996,OCT,10,66173,671643
Saguaro,1996,NOV,11,61668,671643
Saguaro,1996,DEC,12,61034,671643
Yellowstone,1996,JAN,1,32871,3012171
Yellowstone,1996,FEB,2,51692,3012171
Yellowstone,1996,MAR,3,27162,3012171
Yellowstone,1996,APR,4,24321,3012171
Yellowstone,1996,MAY,5,187045,3012171
Yellowstone,1996,JUN,6,539368,3012171
Yellowstone,1996,JUL,7,818964,3012171
Yellowstone,1996,AUG,8,753934,3012171
Yellowstone,1996,SEP,9,426806,3012171
Yellowstone,1996,OCT,10,118902,3012171
Yellowstone,1996,NOV,11,10473,3012171
Yellowstone,1996,DEC,12,20633,3012171
Zion,1996,JAN,1,58277,2498001
Zion,1996,FEB,2,70136,2498001
Zion,1996,MAR,3,126044,2498001
Zion,1996,APR,4,237607,2498001
Zion,1996,MAY,5,238705,2498001
Zion,1996,JUN,6,339727,2498001
Zion,1996,JUL,7,340812,2498001
Zion,1996,AUG,8,372426,2498001
Zion,1996,SEP,9,310840,2498001
Zion,1996,OCT,10,239701,2498001
Zion,1996,NOV,11,102777,2498001
Zion,1996,DEC,12,60949,2498001
Grand Canyon,1997,JAN,1,133291,4791668
Grand Canyon,1997,FEB,2,174087,4791668
Grand Canyon,1997,MAR,3,347740,4791668
Grand Canyon,1997,APR,4,324011,4791668
Grand Canyon,1997,MAY,5,465990,4791668
Grand Canyon,1997,JUN,6,540275,4791668
Grand Canyon,1997,JUL,7,730341,4791668
Grand Canyon,1997,AUG,8,591024,4791668
Grand Canyon,1997,SEP,9,599107,4791668
Grand Canyon,1997,OCT,10,444433,4791668
Grand Canyon,1997,NOV,11,251808,4791668
Grand Canyon,1997,DEC,12,189561,4791668
Saguaro,1997,JAN,1,89857,739410
Saguaro,1997,FEB,2,69911,739410
Saguaro,1997,MAR,3,116029,739410
Saguaro,1997,APR,4,63650,739410
Saguaro,1997,MAY,5,67192,739410
Saguaro,1997,JUN,6,46766,739410
Saguaro,1997,JUL,7,41088,739410
Saguaro,1997,AUG,8,44289,739410
Saguaro,1997,SEP,9,38798,739410
Saguaro,1997,OCT,10,64254,739410
Saguaro,1997,NOV,11,50285,739410
Saguaro,1997,DEC,12,47291,739410
Yellowstone,1997,JAN,1,31155,2889513
Yellowstone,1997,FEB,2,42392,2889513
Yellowstone,1997,MAR,3,19324,2889513
Yellowstone,1997,APR,4,21526,2889513
Yellowstone,1997,MAY,5,191985,2889513
Yellowstone,1997,JUN,6,512895,2889513
Yellowstone,1997,JUL,7,774327,2889513
Yellowstone,1997,AUG,8,737973,2889513
Yellowstone,1997,SEP,9,403184,2889513
Yellowstone,1997,OCT,10,120266,2889513
Yellowstone,1997,NOV,11,9983,2889513
Yellowstone,1997,DEC,12,24503,2889513
Zion,1997,JAN,1,65244,2445534
Zion,1997,FEB,2,68431,2445534
Zion,1997,MAR,3,128143,2445534
Zion,1997,APR,4,230390,2445534
Zion,1997,MAY,5,226370,2445534
Zion,1997,JUN,6,326154,2445534
Zion,1997,JUL,7,333883,2445534
Zion,1997,AUG,8,367010,2445534
Zion,1997,SEP,9,304847,2445534
Zion,1997,OCT,10,230274,2445534
Zion,1997,NOV,11,104605,2445534
Zion,1997,DEC,12,60183,2445534
Grand Canyon,1998,JAN,1,133187,4239682
Grand Canyon,1998,FEB,2,135141,4239682
Grand Canyon,1998,MAR,3,248949,4239682
Grand Canyon,1998,APR,4,401811,4239682
Grand Canyon,1998,MAY,5,444044,4239682
Grand Canyon,1998,JUN,6,532945,4239682
Grand Canyon,1998,JUL,7,586676,4239682
Grand Canyon,1998,AUG,8,600640,4239682
Grand Canyon,1998,SEP,9,421853,4239682
Grand Canyon,1998,OCT,10,375993,4239682
Grand Canyon,1998,NOV,11,209611,4239682
Grand Canyon,1998,DEC,12,148832,4239682
Saguaro,1998,JAN,1,69904,716160
Saguaro,1998,FEB,2,78613,716160
Saguaro,1998,MAR,3,95458,716160
Saguaro,1998,APR,4,94633,716160
Saguaro,1998,MAY,5,59742,716160
Saguaro,1998,JUN,6,45231,716160
Saguaro,1998,JUL,7,39013,716160
Saguaro,1998,AUG,8,41516,716160
Saguaro,1998,SEP,9,39808,716160
Saguaro,1998,OCT,10,57247,716160
Saguaro,1998,NOV,11,61444,716160
Saguaro,1998,DEC,12,33551,716160
Yellowstone,1998,JAN,1,33845,3120830
Yellowstone,1998,FEB,2,43032,3120830
Yellowstone,1998,MAR,3,17894,3120830
Yellowstone,1998,APR,4,29689,3120830
Yellowstone,1998,MAY,5,222385,3120830
Yellowstone,1998,JUN,6,549396,3120830
Yellowstone,1998,JUL,7,829683,3120830
Yellowstone,1998,AUG,8,764238,3120830
Yellowstone,1998,SEP,9,445741,3120830
Yellowstone,1998,OCT,10,150079,3120830
Yellowstone,1998,NOV,11,9106,3120830
Yellowstone,1998,DEC,12,25742,3120830
Zion,1998,JAN,1,70167,2370048
Zion,1998,FEB,2,62429,2370048
Zion,1998,MAR,3,112119,2370048
Zion,1998,APR,4,201553,2370048
Zion,1998,MAY,5,230959,2370048
Zion,1998,JUN,6,325129,2370048
Zion,1998,JUL,7,318876,2370048
Zion,1998,AUG,8,359490,2370048
Zion,1998,SEP,9,284343,2370048
Zion,1998,OCT,10,229844,2370048
Zion,1998,NOV,11,112117,2370048
Zion,1998,DEC,12,63022,2370048
Grand Canyon,1999,JAN,1,154225,4575124
Grand Canyon,1999,FEB,2,168127,4575124
Grand Canyon,1999,MAR,3,367827,4575124
Grand Canyon,1999,APR,4,345769,4575124
Grand Canyon,1999,MAY,5,456674,4575124
Grand Canyon,1999,JUN,6,564036,4575124
Grand Canyon,1999,JUL,7,655350,4575124
Grand Canyon,1999,AUG,8,608486,4575124
Grand Canyon,1999,SEP,9,491822,4575124
Grand Canyon,1999,OCT,10,378777,4575124
Grand Canyon,1999,NOV,11,206084,4575124
Grand Canyon,1999,DEC,12,177947,4575124
Saguaro,1999,JAN,1,73919,749014
Saguaro,1999,FEB,2,75212,749014
Saguaro,1999,MAR,3,117488,749014
Saguaro,1999,APR,4,64570,749014
Saguaro,1999,MAY,5,60409,749014
Saguaro,1999,JUN,6,49021,749014
Saguaro,1999,JUL,7,45681,749014
Saguaro,1999,AUG,8,43119,749014
Saguaro,1999,SEP,9,41091,749014
Saguaro,1999,OCT,10,55548,749014
Saguaro,1999,NOV,11,53353,749014
Saguaro,1999,DEC,12,69603,749014
Yellowstone,1999,JAN,1,34346,3131381
Yellowstone,1999,FEB,2,41120,3131381
Yellowstone,1999,MAR,3,23067,3131381
Yellowstone,1999,APR,4,27128,3131381
Yellowstone,1999,MAY,5,203727,3131381
Yellowstone,1999,JUN,6,580624,3131381
Yellowstone,1999,JUL,7,832685,3131381
Yellowstone,1999,AUG,8,760062,3131381
Yellowstone,1999,SEP,9,445057,3131381
Yellowstone,1999,OCT,10,142049,3131381
Yellowstone,1999,NOV,11,16230,3131381
Yellowstone,1999,DEC,12,25286,3131381
Zion,1999,JAN,1,73220,2449664
Zion,1999,FEB,2,69337,2449664
Zion,1999,MAR,3,122668,2449664
Zion,1999,APR,4,218059,2449664
Zion,1999,MAY,5,218639,2449664
Zion,1999,JUN,6,298448,2449664
Zion,1999,JUL,7,335012,2449664
Zion,1999,AUG,8,373744,2449664
Zion,1999,SEP,9,309215,2449664
Zion,1999,OCT,10,237279,2449664
Zion,1999,NOV,11,124086,2449664
Zion,1999,DEC,12,69957,2449664
Grand Canyon,2000,JAN,1,153667,4460228
Grand Canyon,2000,FEB,2,159129,4460228
Grand Canyon,2000,MAR,3,310278,4460228
Grand Canyon,2000,APR,4,392888,4460228
Grand Canyon,2000,MAY,5,459685,4460228
Grand Canyon,2000,JUN,6,528779,4460228
Grand Canyon,2000,JUL,7,624033,4460228
Grand Canyon,2000,AUG,8,590701,4460228
Grand Canyon,2000,SEP,9,474295,4460228
Grand Canyon,2000,OCT,10,368560,4460228
Grand Canyon,2000,NOV,11,205567,4460228
Grand Canyon,2000,DEC,12,192646,4460228
Saguaro,2000,JAN,1,75600,765195
Saguaro,2000,FEB,2,109956,765195
Saguaro,2000,MAR,3,103194,765195
Saguaro,2000,APR,4,78022,765195
Saguaro,2000,MAY,5,45792,765195
Saguaro,2000,JUN,6,50792,765195
Saguaro,2000,JUL,7,42136,765195
Saguaro,2000,AUG,8,37172,765195
Saguaro,2000,SEP,9,36249,765195
Saguaro,2000,OCT,10,47194,765195
Saguaro,2000,NOV,11,80493,765195
Saguaro,2000,DEC,12,58595,765195
Yellowstone,2000,JAN,1,37301,2838233
Yellowstone,2000,FEB,2,47573,2838233
Yellowstone,2000,MAR,3,20404,2838233
Yellowstone,2000,APR,4,27869,2838233
Yellowstone,2000,MAY,5,214814,2838233
Yellowstone,2000,JUN,6,553892,2838233
Yellowstone,2000,JUL,7,768040,2838233
Yellowstone,2000,AUG,8,634104,2838233
Yellowstone,2000,SEP,9,353728,2838233
Yellowstone,2000,OCT,10,139784,2838233
Yellowstone,2000,NOV,11,13422,2838233
Yellowstone,2000,DEC,12,27302,2838233
Zion,2000,JAN,1,80141,2432348
Zion,2000,FEB,2,73390,2432348
Zion,2000,MAR,3,126843,2432348
Zion,2000,APR,4,220905,2432348
Zion,2000,MAY,5,239579,2432348
Zion,2000,JUN,6,341054,2432348
Zion,2000,JUL,7,341050,2432348
Zion,2000,AUG,8,331474,2432348
Zion,2000,SEP,9,289827,2432348
Zion,2000,OCT,10,232685,2432348
Zion,2000,NOV,11,105733,2432348
Zion,2000,DEC,12,49667,2432348
Grand Canyon,2001,JAN,1,152246,4104809
Grand Canyon,2001,FEB,2,133442,4104809
Grand Canyon,2001,MAR,3,304407,4104809
Grand Canyon,2001,APR,4,363932,4104809
Grand Canyon,2001,MAY,5,446090,4104809
Grand Canyon,2001,JUN,6,517870,4104809
Grand Canyon,2001,JUL,7,620638,4104809
Grand Canyon,2001,AUG,8,565883,4104809
Grand Canyon,2001,SEP,9,348445,4104809
Grand Canyon,2001,OCT,10,287259,4104809
Grand Canyon,2001,NOV,11,192539,4104809
Grand Canyon,2001,DEC,12,172058,4104809
Saguaro,2001,JAN,1,69639,725874
Saguaro,2001,FEB,2,89031,725874
Saguaro,2001,MAR,3,114921,725874
Saguaro,2001,APR,4,90538,725874
Saguaro,2001,MAY,5,50322,725874
Saguaro,2001,JUN,6,39500,725874
Saguaro,2001,JUL,7,43414,725874
Saguaro,2001,AUG,8,39233,725874
Saguaro,2001,SEP,9,32738,725874
Saguaro,2001,OCT,10,39415,725874
Saguaro,2001,NOV,11,59725,725874
Saguaro,2001,DEC,12,57398,725874
Yellowstone,2001,JAN,1,44356,2758526
Yellowstone,2001,FEB,2,48980,2758526
Yellowstone,2001,MAR,3,18485,2758526
Yellowstone,2001,APR,4,28341,2758526
Yellowstone,2001,MAY,5,229085,2758526
Yellowstone,2001,JUN,6,507737,2758526
Yellowstone,2001,JUL,7,724735,2758526
Yellowstone,2001,AUG,8,613965,2758526
Yellowstone,2001,SEP,9,373583,2758526
Yellowstone,2001,OCT,10,121958,2758526
Yellowstone,2001,NOV,11,19585,2758526
Yellowstone,2001,DEC,12,27716,2758526
Zion,2001,JAN,1,61795,2217779
Zion,2001,FEB,2,53960,2217779
Zion,2001,MAR,3,95231,2217779
Zion,2001,APR,4,207864,2217779
Zion,2001,MAY,5,210707,2217779
Zion,2001,JUN,6,323759,2217779
Zion,2001,JUL,7,321920,2217779
Zion,2001,AUG,8,344531,2217779
Zion,2001,SEP,9,261476,2217779
Zion,2001,OCT,10,179932,2217779
Zion,2001,NOV,11,105821,2217779
Zion,2001,DEC,12,50783,2217779
Grand Canyon,2002,JAN,1,141451,4001974
Grand Canyon,2002,FEB,2,147784,4001974
Grand Canyon,2002,MAR,3,295462,4001974
Grand Canyon,2002,APR,4,331852,4001974
Grand Canyon,2002,MAY,5,408987,4001974
Grand Canyon,2002,JUN,6,502154,4001974
Grand Canyon,2002,JUL,7,568408,4001974
Grand Canyon,2002,AUG,8,520331,4001974
Grand Canyon,2002,SEP,9,368543,4001974
Grand Canyon,2002,OCT,10,324351,4001974
Grand Canyon,2002,NOV,11,217586,4001974
Grand Canyon,2002,DEC,12,175065,4001974
Saguaro,2002,JAN,1,63112,615045
Saguaro,2002,FEB,2,67572,615045
Saguaro,2002,MAR,3,109323,615045
Saguaro,2002,APR,4,61472,615045
Saguaro,2002,MAY,5,41645,615045
Saguaro,2002,JUN,6,33564,615045
Saguaro,2002,JUL,7,37835,615045
Saguaro,2002,AUG,8,39101,615045
Saguaro,2002,SEP,9,32300,615045
Saguaro,2002,OCT,10,20982,615045
Saguaro,2002,NOV,11,49680,615045
Saguaro,2002,DEC,12,58459,615045
Yellowstone,2002,JAN,1,40465,2973677
Yellowstone,2002,FEB,2,52002,2973677
Yellowstone,2002,MAR,3,23305,2973677
Yellowstone,2002,APR,4,15904,2973677
Yellowstone,2002,MAY,5,228642,2973677
Yellowstone,2002,JUN,6,568144,2973677
Yellowstone,2002,JUL,7,794929,2973677
Yellowstone,2002,AUG,8,663266,2973677
Yellowstone,2002,SEP,9,413960,2973677
Yellowstone,2002,OCT,10,142702,2973677
Yellowstone,2002,NOV,11,11235,2973677
Yellowstone,2002,DEC,12,19123,2973677
Zion,2002,JAN,1,55866,2592545
Zion,2002,FEB,2,66575,2592545
Zion,2002,MAR,3,158518,2592545
Zion,2002,APR,4,279225,2592545
Zion,2002,MAY,5,301163,2592545
Zion,2002,JUN,6,329355,2592545
Zion,2002,JUL,7,347541,2592545
Zion,2002,AUG,8,322920,2592545
Zion,2002,SEP,9,312931,2592545
Zion,2002,OCT,10,229989,2592545
Zion,2002,NOV,11,112489,2592545
Zion,2002,DEC,12,75973,2592545
Grand Canyon,2003,JAN,1,156481,4124900
Grand Canyon,2003,FEB,2,148388,4124900
Grand Canyon,2003,MAR,3,274120,4124900
Grand Canyon,2003,APR,4,340245,4124900
Grand Canyon,2003,MAY,5,398371,4124900
Grand Canyon,2003,JUN,6,536251,4124900
Grand Canyon,2003,JUL,7,603109,4124900
Grand Canyon,2003,AUG,8,550855,4124900
Grand Canyon,2003,SEP,9,377719,4124900
Grand Canyon,2003,OCT,10,335317,4124900
Grand Canyon,2003,NOV,11,220124,4124900
Grand Canyon,2003,DEC,12,183920,4124900
Saguaro,2003,JAN,1,70135,643697
Saguaro,2003,FEB,2,72986,643697
Saguaro,2003,MAR,3,111760,643697
Saguaro,2003,APR,4,58639,643697
Saguaro,2003,MAY,5,52457,643697
Saguaro,2003,JUN,6,33228,643697
Saguaro,2003,JUL,7,38741,643697
Saguaro,2003,AUG,8,42007,643697
Saguaro,2003,SEP,9,28814,643697
Saguaro,2003,OCT,10,43747,643697
Saguaro,2003,NOV,11,44804,643697
Saguaro,2003,DEC,12,46379,643697
Yellowstone,2003,JAN,1,36387,3019375
Yellowstone,2003,FEB,2,39494,3019375
Yellowstone,2003,MAR,3,17718,3019375
Yellowstone,2003,APR,4,28877,3019375
Yellowstone,2003,MAY,5,206245,3019375
Yellowstone,2003,JUN,6,580919,3019375
Yellowstone,2003,JUL,7,809689,3019375
Yellowstone,2003,AUG,8,698753,3019375
Yellowstone,2003,SEP,9,404498,3019375
Yellowstone,2003,OCT,10,175877,3019375
Yellowstone,2003,NOV,11,7967,3019375
Yellowstone,2003,DEC,12,12951,3019375
Zion,2003,JAN,1,71233,2458792
Zion,2003,FEB,2,72781,2458792
Zion,2003,MAR,3,143284,2458792
Zion,2003,APR,4,244910,2458792
Zion,2003,MAY,5,304556,2458792
Zion,2003,JUN,6,308634,2458792
Zion,2003,JUL,7,294996,2458792
Zion,2003,AUG,8,312162,2458792
Zion,2003,SEP,9,280970,2458792
Zion,2003,OCT,10,229992,2458792
Zion,2003,NOV,11,119860,2458792
Zion,2003,DEC,12,75414,2458792
Grand Canyon,2004,JAN,1,150345,4326234
Grand Canyon,2004,FEB,2,148379,4326234
Grand Canyon,2004,MAR,3,313056,4326234
Grand Canyon,2004,APR,4,409645,4326234
Grand Canyon,2004,MAY,5,444078,4326234
Grand Canyon,2004,JUN,6,529486,4326234
Grand Canyon,2004,JUL,7,625584,4326234
Grand Canyon,2004,AUG,8,549643,4326234
Grand Canyon,2004,SEP,9,425037,4326234
Grand Canyon,2004,OCT,10,333874,4326234
Grand Canyon,2004,NOV,11,219953,4326234
Grand Canyon,2004,DEC,12,177154,4326234
Saguaro,2004,JAN,1,60749,651464
Saguaro,2004,FEB,2,85922,651464
Saguaro,2004,MAR,3,98564,651464
Saguaro,2004,APR,4,54559,651464
Saguaro,2004,MAY,5,49953,651464
Saguaro,2004,JUN,6,34763,651464
Saguaro,2004,JUL,7,42098,651464
Saguaro,2004,AUG,8,37625,651464
Saguaro,2004,SEP,9,34178,651464
Saguaro,2004,OCT,10,45479,651464
Saguaro,2004,NOV,11,53001,651464
Saguaro,2004,DEC,12,54573,651464
Yellowstone,2004,JAN,1,22817,2868317
Yellowstone,2004,FEB,2,30030,2868317
Yellowstone,2004,MAR,3,20187,2868317
Yellowstone,2004,APR,4,32434,2868317
Yellowstone,2004,MAY,5,216905,2868317
Yellowstone,2004,JUN,6,584925,2868317
Yellowstone,2004,JUL,7,732682,2868317
Yellowstone,2004,AUG,8,657869,2868317
Yellowstone,2004,SEP,9,406327,2868317
Yellowstone,2004,OCT,10,135605,2868317
Yellowstone,2004,NOV,11,13939,2868317
Yellowstone,2004,DEC,12,14597,2868317
Zion,2004,JAN,1,67913,2677342
Zion,2004,FEB,2,81970,2677342
Zion,2004,MAR,3,190919,2677342
Zion,2004,APR,4,297906,2677342
Zion,2004,MAY,5,295304,2677342
Zion,2004,JUN,6,326499,2677342
Zion,2004,JUL,7,337145,2677342
Zion,2004,AUG,8,338899,2677342
Zion,2004,SEP,9,323156,2677342
Zion,2004,OCT,10,227332,2677342
Zion,2004,NOV,11,113626,2677342
Zion,2004,DEC,12,76673,2677342
Grand Canyon,2005,JAN,1,132660,4401522
Grand Canyon,2005,FEB,2,151719,4401522
Grand Canyon,2005,MAR,3,356357,4401522
Grand Canyon,2005,APR,4,380473,4401522
Grand Canyon,2005,MAY,5,444253,4401522
Grand Canyon,2005,JUN,6,594410,4401522
Grand Canyon,2005,JUL,7,611813,4401522
Grand Canyon,2005,AUG,8,572431,4401522
Grand Canyon,2005,SEP,9,392835,4401522
Grand Canyon,2005,OCT,10,335518,4401522
Grand Canyon,2005,NOV,11,230597,4401522
Grand Canyon,2005,DEC,12,198456,4401522
Saguaro,2005,JAN,1,69802,727208
Saguaro,2005,FEB,2,83199,727208
Saguaro,2005,MAR,3,122738,727208
Saguaro,2005,APR,4,75455,727208
Saguaro,2005,MAY,5,50760,727208
Saguaro,2005,JUN,6,40169,727208
Saguaro,2005,JUL,7,38220,727208
Saguaro,2005,AUG,8,47620,727208
Saguaro,2005,SEP,9,34215,727208
Saguaro,2005,OCT,10,50482,727208
Saguaro,2005,NOV,11,54188,727208
Saguaro,2005,DEC,12,60360,727208
Yellowstone,2005,JAN,1,22297,2835651
Yellowstone,2005,FEB,2,29018,2835651
Yellowstone,2005,MAR,3,17324,2835651
Yellowstone,2005,APR,4,26116,2835651
Yellowstone,2005,MAY,5,225811,2835651
Yellowstone,2005,JUN,6,560014,2835651
Yellowstone,2005,JUL,7,743165,2835651
Yellowstone,2005,AUG,8,647288,2835651
Yellowstone,2005,SEP,9,393362,2835651
Yellowstone,2005,OCT,10,142912,2835651
Yellowstone,2005,NOV,11,11505,2835651
Yellowstone,2005,DEC,12,16839,2835651
Zion,2005,JAN,1,63566,2586665
Zion,2005,FEB,2,70260,2586665
Zion,2005,MAR,3,195530,2586665
Zion,2005,APR,4,230366,2586665
Zion,2005,MAY,5,283547,2586665
Zion,2005,JUN,6,339849,2586665
Zion,2005,JUL,7,347745,2586665
Zion,2005,AUG,8,340826,2586665
Zion,2005,SEP,9,298465,2586665
Zion,2005,OCT,10,227570,2586665
Zion,2005,NOV,11,118083,2586665
Zion,2005,DEC,12,70858,2586665
Grand Canyon,2006,JAN,1,163222,4279439
Grand Canyon,2006,FEB,2,178982,4279439
Grand Canyon,2006,MAR,3,296498,4279439
Grand Canyon,2006,APR,4,419253,4279439
Grand Canyon,2006,MAY,5,451576,4279439
Grand Canyon,2006,JUN,6,509456,4279439
Grand Canyon,2006,JUL,7,578208,4279439
Grand Canyon,2006,AUG,8,507951,4279439
Grand Canyon,2006,SEP,9,399117,4279439
Grand Canyon,2006,OCT,10,352556,4279439
Grand Canyon,2006,NOV,11,239306,4279439
Grand Canyon,2006,DEC,12,183314,4279439
Saguaro,2006,JAN,1,67957,619983
Saguaro,2006,FEB,2,80926,619983
Saguaro,2006,MAR,3,91782,619983
Saguaro,2006,APR,4,69239,619983
Saguaro,2006,MAY,5,43282,619983
Saguaro,2006,JUN,6,31219,619983
Saguaro,2006,JUL,7,34515,619983
Saguaro,2006,AUG,8,32592,619983
Saguaro,2006,SEP,9,27631,619983
Saguaro,2006,OCT,10,40939,619983
Saguaro,2006,NOV,11,42227,619983
Saguaro,2006,DEC,12,57674,619983
Yellowstone,2006,JAN,1,23989,2870295
Yellowstone,2006,FEB,2,29011,2870295
Yellowstone,2006,MAR,3,18879,2870295
Yellowstone,2006,APR,4,29381,2870295
Yellowstone,2006,MAY,5,230762,2870295
Yellowstone,2006,JUN,6,557213,2870295
Yellowstone,2006,JUL,7,738807,2870295
Yellowstone,2006,AUG,8,635666,2870295
Yellowstone,2006,SEP,9,428369,2870295
Yellowstone,2006,OCT,10,146790,2870295
Yellowstone,2006,NOV,11,12382,2870295
Yellowstone,2006,DEC,12,19046,2870295
Zion,2006,JAN,1,71680,2567350
Zion,2006,FEB,2,70170,2567350
Zion,2006,MAR,3,144186,2567350
Zion,2006,APR,4,264821,2567350
Zion,2006,MAY,5,277849,2567350
Zion,2006,JUN,6,325124,2567350
Zion,2006,JUL,7,347105,2567350
Zion,2006,AUG,8,337212,2567350
Zion,2006,SEP,9,298587,2567350
Zion,2006,OCT,10,235952,2567350
Zion,2006,NOV,11,128339,2567350
Zion,2006,DEC,12,66325,2567350
Grand Canyon,2007,JAN,1,139636,4413668
Grand Canyon,2007,FEB,2,155049,4413668
Grand Canyon,2007,MAR,3,332226,4413668
Grand Canyon,2007,APR,4,431874,4413668
Grand Canyon,2007,MAY,5,443773,4413668
Grand Canyon,2007,JUN,6,515106,4413668
Grand Canyon,2007,JUL,7,604185,4413668
Grand Canyon,2007,AUG,8,580670,4413668
Grand Canyon,2007,SEP,9,424493,4413668
Grand Canyon,2007,OCT,10,362602,4413668
Grand Canyon,2007,NOV,11,235217,4413668
Grand Canyon,2007,DEC,12,188837,4413668
Saguaro,2007,JAN,1,63711,658477
Saguaro,2007,FEB,2,75078,658477
Saguaro,2007,MAR,3,94263,658477
Saguaro,2007,APR,4,74777,658477
Saguaro,2007,MAY,5,45859,658477
Saguaro,2007,JUN,6,30128,658477
Saguaro,2007,JUL,7,37553,658477
Saguaro,2007,AUG,8,37745,658477
Saguaro,2007,SEP,9,39608,658477
Saguaro,2007,OCT,10,45484,658477
Saguaro,2007,NOV,11,49275,658477
Saguaro,2007,DEC,12,64996,658477
Yellowstone,2007,JAN,1,25476,3151343
Yellowstone,2007,FEB,2,30928,3151343
Yellowstone,2007,MAR,3,20225,3151343
Yellowstone,2007,APR,4,27798,3151343
Yellowstone,2007,MAY,5,264203,3151343
Yellowstone,2007,JUN,6,609606,3151343
Yellowstone,2007,JUL,7,822773,3151343
Yellowstone,2007,AUG,8,710781,3151343
Yellowstone,2007,SEP,9,463994,3151343
Yellowstone,2007,OCT,10,139789,3151343
Yellowstone,2007,NOV,11,15362,3151343
Yellowstone,2007,DEC,12,20408,3151343
Zion,2007,JAN,1,68640,2657281
Zion,2007,FEB,2,71530,2657281
Zion,2007,MAR,3,176622,2657281
Zion,2007,APR,4,286701,2657281
Zion,2007,MAY,5,281149,2657281
Zion,2007,JUN,6,333005,2657281
Zion,2007,JUL,7,338116,2657281
Zion,2007,AUG,8,337824,2657281
Zion,2007,SEP,9,314290,2657281
Zion,2007,OCT,10,253572,2657281
Zion,2007,NOV,11,129962,2657281
Zion,2007,DEC,12,65870,2657281
Grand Canyon,2008,JAN,1,123600,4425314
Grand Canyon,2008,FEB,2,146730,4425314
Grand Canyon,2008,MAR,3,358409,4425314
Grand Canyon,2008,APR,4,377542,4425314
Grand Canyon,2008,MAY,5,453651,4425314
Grand Canyon,2008,JUN,6,530291,4425314
Grand Canyon,2008,JUL,7,644915,4425314
Grand Canyon,2008,AUG,8,633985,4425314
Grand Canyon,2008,SEP,9,433030,4425314
Grand Canyon,2008,OCT,10,359396,4425314
Grand Canyon,2008,NOV,11,209843,4425314
Grand Canyon,2008,DEC,12,153922,4425314
Saguaro,2008,JAN,1,85391,699137
Saguaro,2008,FEB,2,81943,699137
Saguaro,2008,MAR,3,122037,699137
Saguaro,2008,APR,4,67583,699137
Saguaro,2008,MAY,5,47259,699137
Saguaro,2008,JUN,6,33241,699137
Saguaro,2008,JUL,7,38548,699137
Saguaro,2008,AUG,8,38285,699137
Saguaro,2008,SEP,9,30789,699137
Saguaro,2008,OCT,10,41221,699137
Saguaro,2008,NOV,11,48324,699137
Saguaro,2008,DEC,12,64516,699137
Yellowstone,2008,JAN,1,26864,3066580
Yellowstone,2008,FEB,2,33557,3066580
Yellowstone,2008,MAR,3,19147,3066580
Yellowstone,2008,APR,4,24433,3066580
Yellowstone,2008,MAY,5,217938,3066580
Yellowstone,2008,JUN,6,593405,3066580
Yellowstone,2008,JUL,7,808110,3066580
Yellowstone,2008,AUG,8,731063,3066580
Yellowstone,2008,SEP,9,437552,3066580
Yellowstone,2008,OCT,10,145488,3066580
Yellowstone,2008,NOV,11,12671,3066580
Yellowstone,2008,DEC,12,16352,3066580
Zion,2008,JAN,1,56137,2690154
Zion,2008,FEB,2,62044,2690154
Zion,2008,MAR,3,187814,2690154
Zion,2008,APR,4,242778,2690154
Zion,2008,MAY,5,302002,2690154
Zion,2008,JUN,6,354527,2690154
Zion,2008,JUL,7,360046,2690154
Zion,2008,AUG,8,368739,2690154
Zion,2008,SEP,9,312606,2690154
Zion,2008,OCT,10,254187,2690154
Zion,2008,NOV,11,126588,2690154
Zion,2008,DEC,12,62686,2690154
Grand Canyon,2009,JAN,1,135463,4348068
Grand Canyon,2009,FEB,2,132865,4348068
Grand Canyon,2009,MAR,3,310717,4348068
Grand Canyon,2009,APR,4,393469,4348068
Grand Canyon,2009,MAY,5,432940,4348068
Grand Canyon,2009,JUN,6,529833,4348068
Grand Canyon,2009,JUL,7,658993,4348068
Grand Canyon,2009,AUG,8,600442,4348068
Grand Canyon,2009,SEP,9,425737,4348068
Grand Canyon,2009,OCT,10,352207,4348068
Grand Canyon,2009,NOV,11,214355,4348068
Grand Canyon,2009,DEC,12,161047,4348068
Saguaro,2009,JAN,1,79316,665234
Saguaro,2009,FEB,2,79820,665234
Saguaro,2009,MAR,3,110768,665234
Saguaro,2009,APR,4,68006,665234
Saguaro,2009,MAY,5,44619,665234
Saguaro,2009,JUN,6,34837,665234
Saguaro,2009,JUL,7,36024,665234
Saguaro,2009,AUG,8,34077,665234
Saguaro,2009,SEP,9,32817,665234
Saguaro,2009,OCT,10,39052,665234
Saguaro,2009,NOV,11,50985,665234
Saguaro,2009,DEC,12,54913,665234
Yellowstone,2009,JAN,1,24770,3295187
Yellowstone,2009,FEB,2,28355,3295187
Yellowstone,2009,MAR,3,17317,3295187
Yellowstone,2009,APR,4,24831,3295187
Yellowstone,2009,MAY,5,261763,3295187
Yellowstone,2009,JUN,6,643844,3295187
Yellowstone,2009,JUL,7,900515,3295187
Yellowstone,2009,AUG,8,752983,3295187
Yellowstone,2009,SEP,9,489438,3295187
Yellowstone,2009,OCT,10,123867,3295187
Yellowstone,2009,NOV,11,9397,3295187
Yellowstone,2009,DEC,12,18107,3295187
Zion,2009,JAN,1,60204,2735402
Zion,2009,FEB,2,62964,2735402
Zion,2009,MAR,3,167246,2735402
Zion,2009,APR,4,271709,2735402
Zion,2009,MAY,5,296330,2735402
Zion,2009,JUN,6,366004,2735402
Zion,2009,JUL,7,368933,2735402
Zion,2009,AUG,8,372157,2735402
Zion,2009,SEP,9,306161,2735402
Zion,2009,OCT,10,265095,2735402
Zion,2009,NOV,11,132998,2735402
Zion,2009,DEC,12,65601,2735402
Grand Canyon,2010,JAN,1,120409,4388386
Grand Canyon,2010,FEB,2,124573,4388386
Grand Canyon,2010,MAR,3,312903,4388386
Grand Canyon,2010,APR,4,375136,4388386
Grand Canyon,2010,MAY,5,399037,4388386
Grand Canyon,2010,JUN,6,555941,4388386
Grand Canyon,2010,JUL,7,647636,4388386
Grand Canyon,2010,AUG,8,629167,4388386
Grand Canyon,2010,SEP,9,477863,4388386
Grand Canyon,2010,OCT,10,359758,4388386
Grand Canyon,2010,NOV,11,219474,4388386
Grand Canyon,2010,DEC,12,166489,4388386
Saguaro,2010,JAN,1,71191,717614
Saguaro,2010,FEB,2,73176,717614
Saguaro,2010,MAR,3,116329,717614
Saguaro,2010,APR,4,80796,717614
Saguaro,2010,MAY,5,55502,717614
Saguaro,2010,JUN,6,35360,717614
Saguaro,2010,JUL,7,36731,717614
Saguaro,2010,AUG,8,34563,717614
Saguaro,2010,SEP,9,35949,717614
Saguaro,2010,OCT,10,53198,717614
Saguaro,2010,NOV,11,72830,717614
Saguaro,2010,DEC,12,51989,717614
Yellowstone,2010,JAN,1,25595,3640185
Yellowstone,2010,FEB,2,29108,3640185
Yellowstone,2010,MAR,3,21028,3640185
Yellowstone,2010,APR,4,32763,3640185
Yellowstone,2010,MAY,5,250445,3640185
Yellowstone,2010,JUN,6,694841,3640185
Yellowstone,2010,JUL,7,957785,3640185
Yellowstone,2010,AUG,8,854837,3640185
Yellowstone,2010,SEP,9,550504,3640185
Yellowstone,2010,OCT,10,189072,3640185
Yellowstone,2010,NOV,11,16819,3640185
Yellowstone,2010,DEC,12,17388,3640185
Zion,2010,JAN,1,54928,2665972
Zion,2010,FEB,2,62099,2665972
Zion,2010,MAR,3,171079,2665972
Zion,2010,APR,4,277599,2665972
Zion,2010,MAY,5,304278,2665972
Zion,2010,JUN,6,331185,2665972
Zion,2010,JUL,7,362881,2665972
Zion,2010,AUG,8,332796,2665972
Zion,2010,SEP,9,319838,2665972
Zion,2010,OCT,10,236316,2665972
Zion,2010,NOV,11,143272,2665972
Zion,2010,DEC,12,69701,2665972
Grand Canyon,2011,JAN,1,139029,4298178
Grand Canyon,2011,FEB,2,120726,4298178
Grand Canyon,2011,MAR,3,304583,4298178
Grand Canyon,2011,APR,4,388363,4298178
Grand Canyon,2011,MAY,5,419569,4298178
Grand Canyon,2011,JUN,6,544089,4298178
Grand Canyon,2011,JUL,7,654871,4298178
Grand Canyon,2011,AUG,8,595265,4298178
Grand Canyon,2011,SEP,9,410636,4298178
Grand Canyon,2011,OCT,10,348203,4298178
Grand Canyon,2011,NOV,11,201809,4298178
Grand Canyon,2011,DEC,12,171035,4298178
Saguaro,2011,JAN,1,67367,610045
Saguaro,2011,FEB,2,71376,610045
Saguaro,2011,MAR,3,81315,610045
Saguaro,2011,APR,4,61185,610045
Saguaro,2011,MAY,5,43694,610045
Saguaro,2011,JUN,6,27132,610045
Saguaro,2011,JUL,7,34275,610045
Saguaro,2011,AUG,8,31648,610045
Saguaro,2011,SEP,9,30047,610045
Saguaro,2011,OCT,10,47128,610045
Saguaro,2011,NOV,11,62820,610045
Saguaro,2011,DEC,12,52058,610045
Yellowstone,2011,JAN,1,24517,3394326
Yellowstone,2011,FEB,2,28174,3394326
Yellowstone,2011,MAR,3,18728,3394326
Yellowstone,2011,APR,4,28147,3394326
Yellowstone,2011,MAY,5,207842,3394326
Yellowstone,2011,JUN,6,634316,3394326
Yellowstone,2011,JUL,7,906935,3394326
Yellowstone,2011,AUG,8,805173,3394326
Yellowstone,2011,SEP,9,536349,3394326
Yellowstone,2011,OCT,10,175433,3394326
Yellowstone,2011,NOV,11,12198,3394326
Yellowstone,2011,DEC,12,16514,3394326
Zion,2011,JAN,1,64524,2825505
Zion,2011,FEB,2,67801,2825505
Zion,2011,MAR,3,164037,2825505
Zion,2011,APR,4,255813,2825505
Zion,2011,MAY,5,325089,2825505
Zion,2011,JUN,6,376453,2825505
Zion,2011,JUL,7,391144,2825505
Zion,2011,AUG,8,360196,2825505
Zion,2011,SEP,9,324727,2825505
Zion,2011,OCT,10,273876,2825505
Zion,2011,NOV,11,145158,2825505
Zion,2011,DEC,12,76687,2825505
Grand Canyon,2012,JAN,1,141357,4421352
Grand Canyon,2012,FEB,2,141305,4421352
Grand Canyon,2012,MAR,3,291120,4421352
Grand Canyon,2012,APR,4,389777,4421352
Grand Canyon,2012,MAY,5,416363,4421352
Grand Canyon,2012,JUN,6,549688,4421352
Grand Canyon,2012,JUL,7,647953,4421352
Grand Canyon,2012,AUG,8,610680,4421352
Grand Canyon,2012,SEP,9,448925,4421352
Grand Canyon,2012,OCT,10,376225,4421352
Grand Canyon,2012,NOV,11,221927,4421352
Grand Canyon,2012,DEC,12,186032,4421352
Saguaro,2012,JAN,1,61544,634286
Saguaro,2012,FEB,2,77317,634286
Saguaro,2012,MAR,3,90023,634286
Saguaro,2012,APR,4,61418,634286
Saguaro,2012,MAY,5,44534,634286
Saguaro,2012,JUN,6,32114,634286
Saguaro,2012,JUL,7,39512,634286
Saguaro,2012,AUG,8,34863,634286
Saguaro,2012,SEP,9,33840,634286
Saguaro,2012,OCT,10,43143,634286
Saguaro,2012,NOV,11,60037,634286
Saguaro,2012,DEC,12,55941,634286
Yellowstone,2012,JAN,1,24766,3447729
Yellowstone,2012,FEB,2,27752,3447729
Yellowstone,2012,MAR,3,20248,3447729
Yellowstone,2012,APR,4,29056,3447729
Yellowstone,2012,MAY,5,268251,3447729
Yellowstone,2012,JUN,6,671825,3447729
Yellowstone,2012,JUL,7,888335,3447729
Yellowstone,2012,AUG,8,780286,3447729
Yellowstone,2012,SEP,9,527610,3447729
Yellowstone,2012,OCT,10,177069,3447729
Yellowstone,2012,NOV,11,14059,3447729
Yellowstone,2012,DEC,12,18472,3447729
Zion,2012,JAN,1,68202,2973607
Zion,2012,FEB,2,74382,2973607
Zion,2012,MAR,3,165242,2973607
Zion,2012,APR,4,352192,2973607
Zion,2012,MAY,5,343488,2973607
Zion,2012,JUN,6,370280,2973607
Zion,2012,JUL,7,392359,2973607
Zion,2012,AUG,8,364857,2973607
Zion,2012,SEP,9,355140,2973607
Zion,2012,OCT,10,276134,2973607
Zion,2012,NOV,11,140350,2973607
Zion,2012,DEC,12,70981,2973607
Grand Canyon,2013,JAN,1,143405,4564840
Grand Canyon,2013,FEB,2,145356,4564840
Grand Canyon,2013,MAR,3,359799,4564840
Grand Canyon,2013,APR,4,375899,4564840
Grand Canyon,2013,MAY,5,468178,4564840
Grand Canyon,2013,JUN,6,613479,4564840
Grand Canyon,2013,JUL,7,728543,4564840
Grand Canyon,2013,AUG,8,633026,4564840
Grand Canyon,2013,SEP,9,465665,4564840
Grand Canyon,2013,OCT,10,197742,4564840
Grand Canyon,2013,NOV,11,217733,4564840
Grand Canyon,2013,DEC,12,216015,4564840
Saguaro,2013,JAN,1,76927,678261
Saguaro,2013,FEB,2,70794,678261
Saguaro,2013,MAR,3,125881,678261
Saguaro,2013,APR,4,94764,678261
Saguaro,2013,MAY,5,46141,678261
Saguaro,2013,JUN,6,30949,678261
Saguaro,2013,JUL,7,39896,678261
Saguaro,2013,AUG,8,35161,678261
Saguaro,2013,SEP,9,31072,678261
Saguaro,2013,OCT,10,29117,678261
Saguaro,2013,NOV,11,41561,678261
Saguaro,2013,DEC,12,55998,678261
Yellowstone,2013,JAN,1,24699,3188030
Yellowstone,2013,FEB,2,31053,3188030
Yellowstone,2013,MAR,3,18613,3188030
Yellowstone,2013,APR,4,24606,3188030
Yellowstone,2013,MAY,5,293250,3188030
Yellowstone,2013,JUN,6,624429,3188030
Yellowstone,2013,JUL,7,812212,3188030
Yellowstone,2013,AUG,8,725136,3188030
Yellowstone,2013,SEP,9,557925,3188030
Yellowstone,2013,OCT,10,47560,3188030
Yellowstone,2013,NOV,11,11169,3188030
Yellowstone,2013,DEC,12,17378,3188030
Zion,2013,JAN,1,56972,2807387
Zion,2013,FEB,2,64994,2807387
Zion,2013,MAR,3,227899,2807387
Zion,2013,APR,4,292765,2807387
Zion,2013,MAY,5,313594,2807387
Zion,2013,JUN,6,367217,2807387
Zion,2013,JUL,7,379129,2807387
Zion,2013,AUG,8,345014,2807387
Zion,2013,SEP,9,339593,2807387
Zion,2013,OCT,10,203056,2807387
Zion,2013,NOV,11,141251,2807387
Zion,2013,DEC,12,75903,2807387
Grand Canyon,2014,JAN,1,173458,4756771
Grand Canyon,2014,FEB,2,176364,4756771
Grand Canyon,2014,MAR,3,353920,4756771
Grand Canyon,2014,APR,4,320348,4756771
Grand Canyon,2014,MAY,5,463713,4756771
Grand Canyon,2014,JUN,6,563375,4756771
Grand Canyon,2014,JUL,7,621953,4756771
Grand Canyon,2014,AUG,8,671027,4756771
Grand Canyon,2014,SEP,9,488359,4756771
Grand Canyon,2014,OCT,10,410933,4756771
Grand Canyon,2014,NOV,11,256705,4756771
Grand Canyon,2014,DEC,12,256616,4756771
Saguaro,2014,JAN,1,77883,673572
Saguaro,2014,FEB,2,76856,673572
Saguaro,2014,MAR,3,96500,673572
Saguaro,2014,APR,4,70494,673572
Saguaro,2014,MAY,5,45841,673572
Saguaro,2014,JUN,6,32480,673572
Saguaro,2014,JUL,7,36279,673572
Saguaro,2014,AUG,8,38075,673572
Saguaro,2014,SEP,9,34155,673572
Saguaro,2014,OCT,10,44325,673572
Saguaro,2014,NOV,11,59958,673572
Saguaro,2014,DEC,12,60726,673572
Yellowstone,2014,JAN,1,26778,3513484
Yellowstone,2014,FEB,2,28233,3513484
Yellowstone,2014,MAR,3,18778,3513484
Yellowstone,2014,APR,4,31356,3513484
Yellowstone,2014,MAY,5,310039,3513484
Yellowstone,2014,JUN,6,669642,3513484
Yellowstone,2014,JUL,7,858856,3513484
Yellowstone,2014,AUG,8,773357,3513484
Yellowstone,2014,SEP,9,571764,3513484
Yellowstone,2014,OCT,10,194804,3513484
Yellowstone,2014,NOV,11,11537,3513484
Yellowstone,2014,DEC,12,18340,3513484
Zion,2014,JAN,1,70862,3189696
Zion,2014,FEB,2,74625,3189696
Zion,2014,MAR,3,226424,3189696
Zion,2014,APR,4,312381,3189696
Zion,2014,MAY,5,391969,3189696
Zion,2014,JUN,6,397753,3189696
Zion,2014,JUL,7,407153,3189696
Zion,2014,AUG,8,391973,3189696
Zion,2014,SEP,9,340855,3189696
Zion,2014,OCT,10,304108,3189696
Zion,2014,NOV,11,169607,3189696
Zion,2014,DEC,12,101986,3189696
Grand Canyon,2015,JAN,1,191781,5520736
Grand Canyon,2015,FEB,2,224311,5520736
Grand Canyon,2015,MAR,3,437563,5520736
Grand Canyon,2015,APR,4,486989,5520736
Grand Canyon,2015,MAY,5,541338,5520736
Grand Canyon,2015,JUN,6,614938,5520736
Grand Canyon,2015,JUL,7,714911,5520736
Grand Canyon,2015,AUG,8,793412,5520736
Grand Canyon,2015,SEP,9,525090,5520736
Grand Canyon,2015,OCT,10,444363,5520736
Grand Canyon,2015,NOV,11,273558,5520736
Grand Canyon,2015,DEC,12,272482,5520736
Saguaro,2015,JAN,1,82743,753446
Saguaro,2015,FEB,2,97933,753446
Saguaro,2015,MAR,3,118729,753446
Saguaro,2015,APR,4,77715,753446
Saguaro,2015,MAY,5,55800,753446
Saguaro,2015,JUN,6,34434,753446
Saguaro,2015,JUL,7,41292,753446
Saguaro,2015,AUG,8,37614,753446
Saguaro,2015,SEP,9,37218,753446
Saguaro,2015,OCT,10,45058,753446
Saguaro,2015,NOV,11,60026,753446
Saguaro,2015,DEC,12,64884,753446
Yellowstone,2015,JAN,1,28091,4097710
Yellowstone,2015,FEB,2,34343,4097710
Yellowstone,2015,MAR,3,22989,4097710
Yellowstone,2015,APR,4,46600,4097710
Yellowstone,2015,MAY,5,386064,4097710
Yellowstone,2015,JUN,6,780768,4097710
Yellowstone,2015,JUL,7,980702,4097710
Yellowstone,2015,AUG,8,854408,4097710
Yellowstone,2015,SEP,9,680213,4097710
Yellowstone,2015,OCT,10,252013,4097710
Yellowstone,2015,NOV,11,11049,4097710
Yellowstone,2015,DEC,12,20470,4097710
Zion,2015,JAN,1,78318,3648846
Zion,2015,FEB,2,106314,3648846
Zion,2015,MAR,3,291118,3648846
Zion,2015,APR,4,392417,3648846
Zion,2015,MAY,5,400048,3648846
Zion,2015,JUN,6,458546,3648846
Zion,2015,JUL,7,479538,3648846
Zion,2015,AUG,8,455487,3648846
Zion,2015,SEP,9,394201,3648846
Zion,2015,OCT,10,314966,3648846
Zion,2015,NOV,11,180390,3648846
Zion,2015,DEC,12,97503,3648846
Grand Canyon,2016,JAN,1,189103,5969811
Grand Canyon,2016,FEB,2,214361,5969811
Grand Canyon,2016,MAR,3,504295,5969811
Grand Canyon,2016,APR,4,464922,5969811
Grand Canyon,2016,MAY,5,588591,5969811
Grand Canyon,2016,JUN,6,700421,5969811
Grand Canyon,2016,JUL,7,839086,5969811
Grand Canyon,2016,AUG,8,743158,5969811
Grand Canyon,2016,SEP,9,578006,5969811
Grand Canyon,2016,OCT,10,517791,5969811
Grand Canyon,2016,NOV,11,333204,5969811
Grand Canyon,2016,DEC,12,296873,5969811
Saguaro,2016,JAN,1,88923,820426
Saguaro,2016,FEB,2,103376,820426
Saguaro,2016,MAR,3,118125,820426
Saguaro,2016,APR,4,83290,820426
Saguaro,2016,MAY,5,57396,820426
Saguaro,2016,JUN,6,37587,820426
Saguaro,2016,JUL,7,40050,820426
Saguaro,2016,AUG,8,42248,820426
Saguaro,2016,SEP,9,38865,820426
Saguaro,2016,OCT,10,51086,820426
Saguaro,2016,NOV,11,67524,820426
Saguaro,2016,DEC,12,91956,820426
Yellowstone,2016,JAN,1,30621,4257177
Yellowstone,2016,FEB,2,36327,4257177
Yellowstone,2016,MAR,3,22924,4257177
Yellowstone,2016,APR,4,59253,4257177
Yellowstone,2016,MAY,5,444630,4257177
Yellowstone,2016,JUN,6,838316,4257177
Yellowstone,2016,JUL,7,995917,4257177
Yellowstone,2016,AUG,8,841036,4257177
Yellowstone,2016,SEP,9,701754,4257177
Yellowstone,2016,OCT,10,242004,4257177
Yellowstone,2016,NOV,11,24710,4257177
Yellowstone,2016,DEC,12,19685,4257177
Zion,2016,JAN,1,84145,4295127
Zion,2016,FEB,2,117510,4295127
Zion,2016,MAR,3,359920,4295127
Zion,2016,APR,4,395768,4295127
Zion,2016,MAY,5,447976,4295127
Zion,2016,JUN,6,544890,4295127
Zion,2016,JUL,7,599961,4295127
Zion,2016,AUG,8,477507,4295127
Zion,2016,SEP,9,497825,4295127
Zion,2016,OCT,10,412916,4295127
Zion,2016,NOV,11,232271,4295127
Zion,2016,DEC,12,124438,4295127
Grand Canyon,2017,JAN,1,217102,6254238
Grand Canyon,2017,FEB,2,239154,6254238
Grand Canyon,2017,MAR,3,502739,6254238
Grand Canyon,2017,APR,4,590006,6254238
Grand Canyon,2017,MAY,5,606247,6254238
Grand Canyon,2017,JUN,6,726916,6254238
Grand Canyon,2017,JUL,7,837258,6254238
Grand Canyon,2017,AUG,8,745613,6254238
Grand Canyon,2017,SEP,9,571946,6254238
Grand Canyon,2017,OCT,10,529825,6254238
Grand Canyon,2017,NOV,11,349326,6254238
Grand Canyon,2017,DEC,12,338106,6254238
Saguaro,2017,JAN,1,106868,964760
Saguaro,2017,FEB,2,129417,964760
Saguaro,2017,MAR,3,139654,964760
Saguaro,2017,APR,4,99335,964760
Saguaro,2017,MAY,5,61633,964760
Saguaro,2017,JUN,6,45316,964760
Saguaro,2017,JUL,7,51672,964760
Saguaro,2017,AUG,8,56232,964760
Saguaro,2017,SEP,9,43075,964760
Saguaro,2017,OCT,10,59768,964760
Saguaro,2017,NOV,11,81806,964760
Saguaro,2017,DEC,12,89984,964760
Yellowstone,2017,JAN,1,29518,4116524
Yellowstone,2017,FEB,2,32275,4116524
Yellowstone,2017,MAR,3,23897,4116524
Yellowstone,2017,APR,4,45160,4116524
Yellowstone,2017,MAY,5,419635,4116524
Yellowstone,2017,JUN,6,803652,4116524
Yellowstone,2017,JUL,7,962404,4116524
Yellowstone,2017,AUG,8,916166,4116524
Yellowstone,2017,SEP,9,640068,4116524
Yellowstone,2017,OCT,10,211987,4116524
Yellowstone,2017,NOV,11,10468,4116524
Yellowstone,2017,DEC,12,21294,4116524
Zion,2017,JAN,1,88561,4504812
Zion,2017,FEB,2,110569,4504812
Zion,2017,MAR,3,345476,4504812
Zion,2017,APR,4,515652,4504812
Zion,2017,MAY,5,509017,4504812
Zion,2017,JUN,6,533252,4504812
Zion,2017,JUL,7,576349,4504812
Zion,2017,AUG,8,529684,4504812
Zion,2017,SEP,9,512940,4504812
Zion,2017,OCT,10,422377,4504812
Zion,2017,NOV,11,222069,4504812
Zion,2017,DEC,12,138866,4504812
Grand Canyon,2018,JAN,1,257366,6380495
Grand Canyon,2018,FEB,2,265949,6380495
Grand Canyon,2018,MAR,3,503284,6380495
Grand Canyon,2018,APR,4,549416,6380495
Grand Canyon,2018,MAY,5,637703,6380495
Grand Canyon,2018,JUN,6,673474,6380495
Grand Canyon,2018,JUL,7,799765,6380495
Grand Canyon,2018,AUG,8,744826,6380495
Grand Canyon,2018,SEP,9,615783,6380495
Grand Canyon,2018,OCT,10,555094,6380495
Grand Canyon,2018,NOV,11,408794,6380495
Grand Canyon,2018,DEC,12,369041,6380495
Saguaro,2018,JAN,1,104478,957405
Saguaro,2018,FEB,2,131262,957405
Saguaro,2018,MAR,3,152999,957405
Saguaro,2018,APR,4,98936,957405
Saguaro,2018,MAY,5,62140,957405
Saguaro,2018,JUN,6,42723,957405
Saguaro,2018,JUL,7,49881,957405
Saguaro,2018,AUG,8,49400,957405
Saguaro,2018,SEP,9,43637,957405
Saguaro,2018,OCT,10,62855,957405
Saguaro,2018,NOV,11,96302,957405
Saguaro,2018,DEC,12,62792,957405
Yellowstone,2018,JAN,1,29179,4115000
Yellowstone,2018,FEB,2,34263,4115000
Yellowstone,2018,MAR,3,22741,4115000
Yellowstone,2018,APR,4,37766,4115000
Yellowstone,2018,MAY,5,446875,4115000
Yellowstone,2018,JUN,6,810884,4115000
Yellowstone,2018,JUL,7,940563,4115000
Yellowstone,2018,AUG,8,813970,4115000
Yellowstone,2018,SEP,9,724454,4115000
Yellowstone,2018,OCT,10,218076,4115000
Yellowstone,2018,NOV,11,13849,4115000
Yellowstone,2018,DEC,12,22380,4115000
Zion,2018,JAN,1,107960,4320033
Zion,2018,FEB,2,127790,4320033
Zion,2018,MAR,3,373523,4320033
Zion,2018,APR,4,483487,4320033
Zion,2018,MAY,5,500118,4320033
Zion,2018,JUN,6,541464,4320033
Zion,2018,JUL,7,500350,4320033
Zion,2018,AUG,8,459415,4320033
Zion,2018,SEP,9,481507,4320033
Zion,2018,OCT,10,377826,4320033
Zion,2018,NOV,11,218799,4320033
Zion,2018,DEC,12,147794,4320033
Grand Canyon,2019,JAN,1,225056,5974411
Grand Canyon,2019,FEB,2,213050,5974411
Grand Canyon,2019,MAR,3,451228,5974411
Grand Canyon,2019,APR,4,562265,5974411
Grand Canyon,2019,MAY,5,618598,5974411
Grand Canyon,2019,JUN,6,643821,5974411
Grand Canyon,2019,JUL,7,756860,5974411
Grand Canyon,2019,AUG,8,700896,5974411
Grand Canyon,2019,SEP,9,578852,5974411
Grand Canyon,2019,OCT,10,551558,5974411
Grand Canyon,2019,NOV,11,347847,5974411
Grand Canyon,2019,DEC,12,324380,5974411
Saguaro,2019,JAN,1,48968,1020226
Saguaro,2019,FEB,2,149371,1020226
Saguaro,2019,MAR,3,186275,1020226
Saguaro,2019,APR,4,117802,1020226
Saguaro,2019,MAY,5,75838,1020226
Saguaro,2019,JUN,6,49481,1020226
Saguaro,2019,JUL,7,48553,1020226
Saguaro,2019,AUG,8,51309,1020226
Saguaro,2019,SEP,9,44812,1020226
Saguaro,2019,OCT,10,64529,1020226
Saguaro,2019,NOV,11,87053,1020226
Saguaro,2019,DEC,12,96235,1020226
Yellowstone,2019,JAN,1,33896,4020288
Yellowstone,2019,FEB,2,31650,4020288
Yellowstone,2019,MAR,3,28695,4020288
Yellowstone,2019,APR,4,48150,4020288
Yellowstone,2019,MAY,5,434385,4020288
Yellowstone,2019,JUN,6,781853,4020288
Yellowstone,2019,JUL,7,936062,4020288
Yellowstone,2019,AUG,8,820006,4020288
Yellowstone,2019,SEP,9,693118,4020288
Yellowstone,2019,OCT,10,171339,4020288
Yellowstone,2019,NOV,11,15628,4020288
Yellowstone,2019,DEC,12,25506,4020288
Zion,2019,JAN,1,98828,4488268
Zion,2019,FEB,2,102269,4488268
Zion,2019,MAR,3,296316,4488268
Zion,2019,APR,4,372349,4488268
Zion,2019,MAY,5,529553,4488268
Zion,2019,JUN,6,594896,4488268
Zion,2019,JUL,7,629802,4488268
Zion,2019,AUG,8,535322,4488268
Zion,2019,SEP,9,497443,4488268
Zion,2019,OCT,10,429604,4488268
Zion,2019,NOV,11,230180,4488268
Zion,2019,DEC,12,171706,4488268
Grand Canyon,2020,JAN,1,246460,2897098
Grand Canyon,2020,FEB,2,252897,2897098
Grand Canyon,2020,MAR,3,276002,2897098
Grand Canyon,2020,APR,4,0,2897098
Grand Canyon,2020,MAY,5,43397,2897098
Grand Canyon,2020,JUN,6,232267,2897098
Grand Canyon,2020,JUL,7,350003,2897098
Grand Canyon,2020,AUG,8,303900,2897098
Grand Canyon,2020,SEP,9,249010,2897098
Grand Canyon,2020,OCT,10,421568,2897098
Grand Canyon,2020,NOV,11,275764,2897098
Grand Canyon,2020,DEC,12,245830,2897098
Saguaro,2020,JAN,1,124069,762226
Saguaro,2020,FEB,2,146224,762226
Saguaro,2020,MAR,3,98901,762226
Saguaro,2020,APR,4,22820,762226
Saguaro,2020,MAY,5,22300,762226
Saguaro,2020,JUN,6,20362,762226
Saguaro,2020,JUL,7,25649,762226
Saguaro,2020,AUG,8,24301,762226
Saguaro,2020,SEP,9,23934,762226
Saguaro,2020,OCT,10,37950,762226
Saguaro,2020,NOV,11,52377,762226
Saguaro,2020,DEC,12,163339,762226
Yellowstone,2020,JAN,1,25234,3806306
Yellowstone,2020,FEB,2,41880,3806306
Yellowstone,2020,MAR,3,32516,3806306
Yellowstone,2020,APR,4,0,3806306
Yellowstone,2020,MAY,5,46219,3806306
Yellowstone,2020,JUN,6,573205,3806306
Yellowstone,2020,JUL,7,955645,3806306
Yellowstone,2020,AUG,8,881829,3806306
Yellowstone,2020,SEP,9,837114,3806306
Yellowstone,2020,OCT,10,359889,3806306
Yellowstone,2020,NOV,11,24132,3806306
Yellowstone,2020,DEC,12,28643,3806306
Zion,2020,JAN,1,126994,3591254
Zion,2020,FEB,2,133718,3591254
Zion,2020,MAR,3,207400,3591254
Zion,2020,APR,4,40396,3591254
Zion,2020,MAY,5,178194,3591254
Zion,2020,JUN,6,377425,3591254
Zion,2020,JUL,7,449518,3591254
Zion,2020,AUG,8,450183,3591254
Zion,2020,SEP,9,520987,3591254
Zion,2020,OCT,10,559342,3591254
Zion,2020,NOV,11,319853,3591254
Zion,2020,DEC,12,227244,3591254
Grand Canyon,2021,JAN,1,164922,4532677
Grand Canyon,2021,FEB,2,161428,4532677
Grand Canyon,2021,MAR,3,317054,4532677
Grand Canyon,2021,APR,4,421232,4532677
Grand Canyon,2021,MAY,5,484442,4532677
Grand Canyon,2021,JUN,6,538530,4532677
Grand Canyon,2021,JUL,7,556766,4532677
Grand Canyon,2021,AUG,8,430684,4532677
Grand Canyon,2021,SEP,9,399321,4532677
Grand Canyon,2021,OCT,10,430734,4532677
Grand Canyon,2021,NOV,11,346971,4532677
Grand Canyon,2021,DEC,12,280593,4532677
Saguaro,2021,JAN,1,186505,1079786
Saguaro,2021,FEB,2,177726,1079786
Saguaro,2021,MAR,3,201010,1079786
Saguaro,2021,APR,4,124267,1079786
Saguaro,2021,MAY,5,37630,1079786
Saguaro,2021,JUN,6,19808,1079786
Saguaro,2021,JUL,7,38297,1079786
Saguaro,2021,AUG,8,37217,1079786
Saguaro,2021,SEP,9,39172,1079786
Saguaro,2021,OCT,10,56615,1079786
Saguaro,2021,NOV,11,72714,1079786
Saguaro,2021,DEC,12,88825,1079786
Yellowstone,2021,JAN,1,35338,4860242
Yellowstone,2021,FEB,2,36897,4860242
Yellowstone,2021,MAR,3,35611,4860242
Yellowstone,2021,APR,4,67508,4860242
Yellowstone,2021,MAY,5,473799,4860242
Yellowstone,2021,JUN,6,938845,4860242
Yellowstone,2021,JUL,7,1080767,4860242
Yellowstone,2021,AUG,8,921844,4860242
Yellowstone,2021,SEP,9,882078,4860242
Yellowstone,2021,OCT,10,316662,4860242
Yellowstone,2021,NOV,11,33144,4860242
Yellowstone,2021,DEC,12,37749,4860242
Zion,2021,JAN,1,172747,5039835
Zion,2021,FEB,2,160232,5039835
Zion,2021,MAR,3,429455,5039835
Zion,2021,APR,4,469775,5039835
Zion,2021,MAY,5,610301,5039835
Zion,2021,JUN,6,675799,5039835
Zion,2021,JUL,7,581496,5039835
Zion,2021,AUG,8,466928,5039835
Zion,2021,SEP,9,483180,5039835
Zion,2021,OCT,10,469379,5039835
Zion,2021,NOV,11,308560,5039835
Zion,2021,DEC,12,211983,5039835
Grand Canyon,2022,JAN,1,180094,4732101
Grand Canyon,2022,FEB,2,191984,4732101
Grand Canyon,2022,MAR,3,392273,4732101
Grand Canyon,2022,APR,4,438576,4732101
Grand Canyon,2022,MAY,5,496238,4732101
Grand Canyon,2022,JUN,6,510239,4732101
Grand Canyon,2022,JUL,7,543760,4732101
Grand Canyon,2022,AUG,8,500265,4732101
Grand Canyon,2022,SEP,9,439611,4732101
Grand Canyon,2022,OCT,10,442697,4732101
Grand Canyon,2022,NOV,11,323112,4732101
Grand Canyon,2022,DEC,12,273252,4732101
Saguaro,2022,JAN,1,100022,908194
Saguaro,2022,FEB,2,114193,908194
Saguaro,2022,MAR,3,132467,908194
Saguaro,2022,APR,4,109500,908194
Saguaro,2022,MAY,5,65538,908194
Saguaro,2022,JUN,6,37836,908194
Saguaro,2022,JUL,7,37458,908194
Saguaro,2022,AUG,8,38698,908194
Saguaro,2022,SEP,9,37091,908194
Saguaro,2022,OCT,10,63252,908194
Saguaro,2022,NOV,11,86306,908194
Saguaro,2022,DEC,12,85833,908194
Yellowstone,2022,JAN,1,46615,3290242
Yellowstone,2022,FEB,2,47300,3290242
Yellowstone,2022,MAR,3,35593,3290242
Yellowstone,2022,APR,4,80283,3290242
Yellowstone,2022,MAY,5,523680,3290242
Yellowstone,2022,JUN,6,525363,3290242
Yellowstone,2022,JUL,7,596562,3290242
Yellowstone,2022,AUG,8,582211,3290242
Yellowstone,2022,SEP,9,567587,3290242
Yellowstone,2022,OCT,10,236567,3290242
Yellowstone,2022,NOV,11,17687,3290242
Yellowstone,2022,DEC,12,30794,3290242
Zion,2022,JAN,1,139827,4692417
Zion,2022,FEB,2,168499,4692417
Zion,2022,MAR,3,446308,4692417
Zion,2022,APR,4,491625,4692417
Zion,2022,MAY,5,539172,4692417
Zion,2022,JUN,6,569975,4692417
Zion,2022,JUL,7,548636,4692417
Zion,2022,AUG,8,437134,4692417
Zion,2022,SEP,9,423654,4692417
Zion,2022,OCT,10,459697,4692417
Zion,2022,NOV,11,291044,4692417
Zion,2022,DEC,12,176846,4692417
Grand Canyon,2023,JAN,1,134361,4733705
Grand Canyon,2023,FEB,2,151395,4733705
Grand Canyon,2023,MAR,3,326916,4733705
Grand Canyon,2023,APR,4,463305,4733705
Grand Canyon,2023,MAY,5,491137,4733705
Grand Canyon,2023,JUN,6,506448,4733705
Grand Canyon,2023,JUL,7,557321,4733705
Grand Canyon,2023,AUG,8,522994,4733705
Grand Canyon,2023,SEP,9,466960,4733705
Grand Canyon,2023,OCT,10,474360,4733705
Grand Canyon,2023,NOV,11,332145,4733705
Grand Canyon,2023,DEC,12,306363,4733705
Saguaro,2023,JAN,1,106440,1010906
Saguaro,2023,FEB,2,123427,1010906
Saguaro,2023,MAR,3,158336,1010906
Saguaro,2023,APR,4,115171,1010906
Saguaro,2023,MAY,5,77488,1010906
Saguaro,2023,JUN,6,59115,1010906
Saguaro,2023,JUL,7,35596,1010906
Saguaro,2023,AUG,8,35403,1010906
Saguaro,2023,SEP,9,39832,1010906
Saguaro,2023,OCT,10,64245,1010906
Saguaro,2023,NOV,11,82266,1010906
Saguaro,2023,DEC,12,113587,1010906
Yellowstone,2023,JAN,1,45709,4501382
Yellowstone,2023,FEB,2,45717,4501382
Yellowstone,2023,MAR,3,30044,4501382
Yellowstone,2023,APR,4,69247,4501382
Yellowstone,2023,MAY,5,454262,4501382
Yellowstone,2023,JUN,6,847864,4501382
Yellowstone,2023,JUL,7,969692,4501382
Yellowstone,2023,AUG,8,846389,4501382
Yellowstone,2023,SEP,9,838458,4501382
Yellowstone,2023,OCT,10,299127,4501382
Yellowstone,2023,NOV,11,20109,4501382
Yellowstone,2023,DEC,12,34764,4501382
Zion,2023,JAN,1,114117,4623238
Zion,2023,FEB,2,130478,4623238
Zion,2023,MAR,3,336226,4623238
Zion,2023,APR,4,450819,4623238
Zion,2023,MAY,5,514283,4623238
Zion,2023,JUN,6,564036,4623238
Zion,2023,JUL,7,561026,4623238
Zion,2023,AUG,8,458449,4623238
Zion,2023,SEP,9,491799,4623238
Zion,2023,OCT,10,504584,4623238
Zion,2023,NOV,11,284978,4623238
Zion,2023,DEC,12,212443,4623238
Grand Canyon,2024,JAN,1,175848,367569
Grand Canyon,2024,FEB,2,191721,367569
Saguaro,2024,JAN,1,0,0
Yellowstone,2024,JAN,1,42740,92031
Yellowstone,2024,FEB,2,49291,92031
Zion,2024,JAN,1,120910,265128
Zion,2024,FEB,2,144218,265128
